entry_filter,cost_bps_per_side,period,policy,sector,trades,tickers,signal_dates,win_rate_pct,mean_net_return_pct,median_net_return_pct,p10_net_return_pct,worst_net_return_pct,loss_at_least_10pct_rate,mean_winner_pct,mean_loser_pct,median_excess_spy_pp,mean_excess_spy_pp,beat_spy_pct,date_balanced_median_return_pct,date_balanced_median_excess_spy_pp,median_return_without_3_largest_dates_pct,median_adverse_excursion_pct,median_sessions_to_exit,positive_quarters_min30,quarters_min30,positive_sectors_min30,sectors_min30,sample_flag
all_drops,0,older,hold_20,Communication Services,77,24,49,61.038961038961034,4.331104285671927,1.8823330801046811,-12.182436554189088,-39.00729108244532,15.584415584415584,13.48580215749043,-10.011255713510385,0.4900679253273976,2.6291970992279348,50.649350649350644,1.9379170293008396,1.0248568254038322,1.8127311442339922,-6.826838558452975,20.0,0,0,1,1,descriptive only
all_drops,0,older,hold_20,Consumer Discretionary,131,43,73,57.25190839694656,2.64089803956543,2.6704262730137707,-12.126381875255888,-24.80454545454546,14.50381679389313,10.673117102640614,-8.116538205624547,0.2167904697127021,1.045896085675892,50.38167938931297,1.837906751116647,-0.17219167794464418,1.1603492098574364,-6.967389742853025,20.0,1,2,1,1,descriptive only
all_drops,0,older,hold_20,Consumer Staples,58,29,40,63.793103448275865,1.5180125773355693,1.958457684609205,-10.473113156253044,-15.659955257270685,12.068965517241379,6.324646326136848,-6.950818313409544,-0.018727969951415346,-1.5500010375472644,50.0,1.174356062160753,0.20287391022991197,0.9547760276824024,-4.636746251229601,20.0,0,0,1,1,descriptive only
all_drops,0,older,hold_20,Energy,63,21,31,60.317460317460316,2.992982798499116,3.005887821506037,-8.566605020474988,-26.483209852785528,6.349206349206349,9.353463800687104,-6.674948324826626,0.006738281563234416,-0.01040575272088027,50.79365079365079,2.074890020437148,0.006738281563234416,2.8893415191237115,-4.638708704178618,20.0,0,0,1,1,descriptive only
all_drops,0,older,hold_20,Financials,174,76,54,65.51724137931035,3.6166029245993045,3.7368460689022776,-8.67974496343617,-26.61951909476662,8.620689655172415,8.869179615056577,-6.363292787269514,-0.36917174271435216,-0.6626165135452882,45.97701149425287,0.7407272679817112,-0.8045574838069752,-0.3547105561861552,-5.630423183288991,20.0,1,2,1,1,descriptive only
all_drops,0,older,hold_20,Health Care,162,56,88,59.25925925925925,1.620317691955184,2.0101240771072226,-11.288232453976764,-35.16927741283477,12.345679012345679,8.238675756597802,-8.00638494752499,-1.2470260426505453,-1.7618986497503313,45.06172839506173,0.9520769560728253,-0.5240637758288369,1.4491213151927251,-5.307240969412636,20.0,2,2,1,1,descriptive only
all_drops,0,older,hold_20,Industrials,205,80,84,58.048780487804876,3.035380000784429,2.2203776717161228,-9.885342807949735,-23.84102590198972,9.75609756097561,9.878230154028815,-6.433214978704893,-0.3669526335978057,0.47946120828472066,48.78048780487805,0.04955202580556595,-0.5410783163204838,-0.22999554264305222,-6.180986605684424,20.0,2,4,1,1,descriptive only
all_drops,0,older,hold_20,Information Technology,286,73,111,57.34265734265735,3.9949440969967798,2.555506508422656,-11.713475477658768,-33.127619934792726,13.286713286713287,13.43269579331109,-8.691869658704425,-0.2600092937506062,1.7153988718979178,49.3006993006993,-0.8805187809476478,-1.306947185423768,-0.4109662804915093,-6.968151483449575,20.0,3,5,1,1,descriptive only
all_drops,0,older,hold_20,Materials,73,23,47,60.273972602739725,3.532994957417051,1.8960847081999521,-8.639511302716707,-18.029225908372837,8.21917808219178,9.816173131276946,-6.00010296154279,-0.04912371946696936,0.9570687463197791,49.31506849315068,0.575590273699067,-0.02122009171712791,0.575590273699067,-5.091078935077076,20.0,0,0,1,1,descriptive only
all_drops,0,older,hold_20,Real Estate,48,26,21,70.83333333333334,3.420903079850422,4.945648242252288,-7.487951772126833,-15.308351537556709,6.25,7.301278106577413,-6.00286484220084,-1.5562867397973688,-1.895480555370713,37.5,3.2691207739009687,-0.296492402842774,1.636313711338988,-5.634114142334451,20.0,0,0,1,1,descriptive only
all_drops,0,older,hold_20,Utilities,46,19,26,67.3913043478261,2.365614344457388,3.4667409153410045,-8.166546931414814,-27.5476452984722,6.521739130434782,6.862683683120405,-6.928328955446185,-1.2165538966841805,-2.426167243100085,43.47826086956522,2.3134786793410966,0.9501041069365973,3.124459513522082,-4.474134320717144,20.0,0,0,1,1,descriptive only
all_drops,0,older,hold_30,Communication Services,77,24,49,55.84415584415584,7.368729546938362,1.696782723666801,-14.92151433200563,-43.844643858665165,19.480519480519483,22.112170480201577,-11.277386927482766,-0.8333090986600955,4.89547912378992,49.35064935064935,1.696782723666801,0.3541801850048767,0.48893463715902197,-7.800793301013664,30.0,0,0,1,1,descriptive only
all_drops,0,older,hold_30,Consumer Discretionary,131,43,73,60.30534351145038,4.663184445761099,4.211793020457266,-16.19352869352869,-36.717019133937555,15.267175572519085,15.026626603308127,-11.081275755127661,0.41715402328175166,1.9045344808658686,51.908396946564885,2.61932887345972,0.6140199376362006,1.6735492284286169,-7.461389961389953,30.0,1,2,1,1,descriptive only
all_drops,0,older,hold_30,Consumer Staples,58,29,40,56.896551724137936,2.90360386572815,1.053607239854082,-5.8822850848125094,-18.344519015659955,5.172413793103448,8.995599835242784,-5.137830814031165,-1.9843445985955277,-0.8832834666211191,44.827586206896555,0.2298888975409974,-1.2873518970145104,1.053607239854082,-4.817494548016782,30.0,0,0,1,1,descriptive only
all_drops,0,older,hold_30,Energy,63,21,31,61.904761904761905,3.5713950794386284,0.6545454545454632,-7.296835476857928,-27.503974562798096,7.936507936507936,10.12897350397335,-7.084669860430293,0.6791516412809395,-0.2912378739027163,50.79365079365079,0.245457040858843,-2.347459640739491,0.407195814485406,-6.151689767948909,30.0,0,0,1,1,descriptive only
all_drops,0,older,hold_30,Financials,174,76,54,65.51724137931035,6.062212942950896,4.319166157780597,-10.700354153857392,-33.02218011591618,13.218390804597702,13.8457897925287,-8.726583071246937,-0.44396025152505514,-0.2826528037245191,48.85057471264368,1.3281110678115908,-0.29645425986709606,-0.9279307145066418,-5.919511977656805,30.0,1,2,1,1,descriptive only
all_drops,0,older,hold_30,Health Care,162,56,88,58.0246913580247,1.599990603107023,2.2050508069944574,-13.291599239038822,-32.305112775047085,14.19753086419753,8.971586600402778,-8.590156804919463,-1.970608577713806,-2.99495254028868,41.358024691358025,1.1385637594372833,-1.0763253293620823,0.925122867880912,-6.2698193334806245,30.0,2,2,1,1,descriptive only
all_drops,0,older,hold_30,Industrials,205,80,84,60.97560975609756,4.713311301521922,2.98899815013145,-11.94410303587856,-41.249809170016796,13.170731707317074,13.251268437585532,-8.627246723577471,-1.001929675409908,0.694757825746566,45.85365853658537,0.2536197139752172,-1.3247324380342642,0.4568976227352417,-6.8407795306907,30.0,3,4,1,1,descriptive only
all_drops,0,older,hold_30,Information Technology,286,73,111,56.64335664335665,4.939108568440146,2.684391042457801,-18.28086099102174,-44.6772997032641,23.776223776223777,18.194078987215175,-12.37786891415304,0.29977886454773994,2.0721693303557047,51.048951048951054,0.007343197283626868,-0.7857449425421104,-0.16740434801991166,-8.09366239556088,30.0,3,5,1,1,descriptive only
all_drops,0,older,hold_30,Materials,73,23,47,50.68493150684932,3.5168138160180806,0.3507131166705646,-13.42278143392418,-21.63871322518559,13.698630136986301,14.018178691960582,-7.276255639811712,-1.834257825963348,-0.3132951127930225,39.726027397260275,-1.606295817162584,-1.7645069836694676,-1.606295817162584,-5.898268398268403,30.0,0,0,1,1,descriptive only
all_drops,0,older,hold_30,Real Estate,48,26,21,64.58333333333334,3.146881749797423,5.561297479893157,-10.190142395772163,-25.289867249201812,12.5,9.633693682689781,-8.682010598418055,-3.7532865177704706,-4.548146486240942,31.25,1.2282417367494691,-2.2517379671448623,-0.01829519542251301,-7.338023981199287,30.0,0,0,1,1,descriptive only
all_drops,0,older,hold_30,Utilities,46,19,26,65.21739130434783,5.809120755569952,4.804299690428926,-11.081802422020182,-25.808071748878923,13.043478260869565,14.31688069881607,-10.142929138016518,-2.61874803319373,0.00926035356694401,43.47826086956522,2.7215008767474513,-0.07671046349048183,4.654822030256134,-6.594417829215049,30.0,0,0,1,1,descriptive only
all_drops,0,older,recovery_30,Communication Services,77,24,49,67.53246753246754,4.07986170679422,6.070239822480161,-13.87290774901272,-43.844643858665165,15.584415584415584,11.934118454771102,-12.25699232899769,2.2299367101343393,2.6997152172185848,62.33766233766234,6.35368929624498,3.710653863989366,5.941605839416053,-6.907230375656381,28.0,0,0,1,1,descriptive only
all_drops,0,older,recovery_30,Consumer Discretionary,131,43,73,66.41221374045801,3.0264147949671005,6.450057405281284,-15.965913356858618,-36.717019133937555,14.50381679389313,10.455346867818813,-11.662609985444238,2.908582162295037,1.205544306746955,62.59541984732825,3.544569103686346,2.143411035155374,5.511022044088176,-6.744647743735577,25.0,1,2,1,1,descriptive only
all_drops,0,older,recovery_30,Consumer Staples,58,29,40,63.793103448275865,3.068211277755627,4.781389869069407,-5.8822850848125094,-18.344519015659955,5.172413793103448,7.961346433866051,-5.553026854438929,2.2469071591836642,0.5274390927584712,62.06896551724138,3.127974340388362,1.816772792401722,3.2077860516330436,-4.736540001072531,30.0,0,0,1,1,descriptive only
all_drops,0,older,recovery_30,Energy,63,21,31,69.84126984126983,3.782276634623804,6.196377502383221,-6.254150646870717,-27.503974562798096,6.349206349206349,8.490383686896998,-7.120708118008854,3.4131510149665756,0.1869959058254734,60.317460317460316,4.6413308211938675,3.3811340183259597,6.253514106909897,-4.958261370178474,27.0,0,0,1,1,descriptive only
all_drops,0,older,recovery_30,Financials,174,76,54,73.5632183908046,4.2191017201508405,5.793026863502238,-9.323340631646573,-33.02218011591618,9.770114942528735,9.006875071974317,-9.103398041444922,1.320690112627187,-0.7422333048535342,57.47126436781609,3.993291821042566,1.7036218702613182,2.0197585071350277,-5.503039309694296,27.5,1,2,1,1,descriptive only
all_drops,0,older,recovery_30,Health Care,162,56,88,61.72839506172839,1.4553399199965547,4.085082006473694,-12.581544338047673,-32.305112775047085,13.580246913580247,7.813142638997407,-8.799180594520951,0.361214927767195,-2.094651587311515,50.0,2.7176561625896434,1.3254560290177129,3.0347821455203983,-5.5067689001758175,30.0,2,2,1,1,descriptive only
all_drops,0,older,recovery_30,Industrials,205,80,84,67.8048780487805,2.968294356253983,5.7617532697066265,-11.94410303587856,-41.249809170016796,13.170731707317074,8.996376750949223,-9.727212505301141,1.3542960954133534,0.4746054969472352,53.170731707317074,1.7201147036682154,1.0404041424463248,2.3077269583889115,-6.432748538011701,30.0,3,4,1,1,descriptive only
all_drops,0,older,recovery_30,Information Technology,286,73,111,67.13286713286713,2.7001229148784383,6.335595505600089,-17.293868178051405,-44.6772997032641,19.230769230769234,10.532659645574553,-13.298249981862556,3.423164463875284,1.0041051400491647,60.83916083916085,3.5795989772574366,1.9474865843692841,4.050019894464285,-6.828590705762672,23.0,4,5,1,1,descriptive only
all_drops,0,older,recovery_30,Materials,73,23,47,64.38356164383562,2.935246073117919,5.328787140769609,-7.51410656766976,-20.921627985200132,5.47945205479452,7.831961260661079,-5.9165083043639495,1.9890289475585021,0.20803445621447472,56.16438356164384,2.6594434868258965,1.2708593285645164,2.4881516587677677,-5.133203378817419,30.0,0,0,1,1,descriptive only
all_drops,0,older,recovery_30,Real Estate,48,26,21,66.66666666666666,1.9931254749572995,5.945310873647546,-10.190142395772163,-25.289867249201812,12.5,7.5705301074033,-9.1616837899347,-2.263465656546037,-3.6718226645761547,37.5,1.6075942424708722,-1.60057455622038,1.0994454400280795,-7.338023981199287,30.0,0,0,1,1,descriptive only
all_drops,0,older,recovery_30,Utilities,46,19,26,73.91304347826086,3.8850814356279666,7.240721889676138,-10.512757023517388,-25.808071748878923,10.869565217391305,9.295172175563591,-11.443508994189642,1.5608254784693631,-0.7267099198393427,54.347826086956516,5.235772325623622,3.4629330231118027,7.240721889676138,-5.696508219415158,27.5,0,0,1,1,descriptive only
all_drops,0,older,recovery_stop_10,Communication Services,77,24,49,63.63636363636363,3.5068513136283674,5.66560465438426,-13.169337488361926,-17.62638271477308,24.675324675324674,11.72307109418614,-10.87153330234774,1.503942358414212,2.1585810083931825,58.44155844155844,5.239118753358407,2.2299367101343393,4.711343196982876,-6.907230375656381,16.0,0,0,1,1,descriptive only
all_drops,0,older,recovery_stop_10,Consumer Discretionary,131,43,73,63.358778625954194,3.1786356335468966,6.186571405374686,-12.308737308737317,-22.66483516483516,19.083969465648856,10.571046363840017,-9.604074587584956,2.0568397854778375,1.3031688863806659,57.25190839694656,3.475091468352759,1.1604450167770182,5.058031236566829,-6.744647743735577,18.0,1,2,1,1,descriptive only
all_drops,0,older,recovery_stop_10,Consumer Staples,58,29,40,63.793103448275865,3.0494830920315965,4.781389869069407,-9.765977821769424,-12.12089411270858,8.620689655172415,7.961346433866051,-5.604752319771968,1.9155983584138614,0.7589334321723272,60.3448275862069,3.127974340388362,1.4173614679041666,3.2077860516330436,-4.736540001072531,22.0,0,0,1,1,descriptive only
all_drops,0,older,recovery_stop_10,Energy,63,21,31,66.66666666666666,2.9580784393409254,6.196377502383221,-11.219300768821224,-21.079473013174677,15.873015873015872,8.755305006621942,-8.63637469522111,3.4131510149665756,1.1410004657434814,60.317460317460316,4.6413308211938675,3.3811340183259597,6.253514106909897,-4.958261370178474,14.0,0,0,1,1,descriptive only
all_drops,0,older,recovery_stop_10,Financials,174,76,54,72.41379310344827,3.8630313442036646,5.565101119669579,-11.545979903642483,-19.236000906823847,16.091954022988507,8.955305996677858,-9.50418961854109,1.017292902568373,-0.8123912358545093,55.172413793103445,3.5444294593725445,0.9787755485403504,1.852752382804912,-5.503039309694296,21.0,1,2,1,1,descriptive only
all_drops,0,older,recovery_stop_10,Health Care,162,56,88,60.49382716049383,0.9594769337602306,3.710762357086128,-11.820591333715756,-33.02084309865316,21.604938271604937,7.846047526612335,-9.585584286544552,-0.8271647359156198,-2.3043789070770035,46.913580246913575,2.215387265487323,-0.8074110470434048,2.866354875283439,-5.5067689001758175,19.0,2,2,1,1,descriptive only
all_drops,0,older,recovery_stop_10,Industrials,205,80,84,64.8780487804878,2.5326078040446123,4.962134871979806,-12.03460775878184,-22.54489873901414,18.048780487804876,8.919983092708437,-9.266293770848288,0.8440376869054624,0.24577064292098919,51.21951219512195,0.9209958721146189,0.6616216697190036,1.8929164109002028,-6.432748538011701,20.0,3,4,1,1,descriptive only
all_drops,0,older,recovery_stop_10,Information Technology,286,73,111,62.93706293706294,2.6485209270483616,5.80824096117436,-12.823985772628514,-26.87105500450857,22.727272727272727,10.524822959894832,-10.72633158155885,2.6909972449312813,1.03502006548804,57.34265734265735,3.0706921944035237,0.8261105570530778,3.110752039468989,-6.828590705762672,15.5,4,5,1,1,descriptive only
all_drops,0,older,recovery_stop_10,Materials,73,23,47,60.273972602739725,1.592274552251681,5.305305305305308,-11.49700329191495,-16.546242774566466,17.80821917808219,8.105814443040266,-8.29033769584135,1.5862350860507357,-0.35288981526849883,54.794520547945204,2.489270386266096,0.7017388449839688,1.7781140641256021,-5.133203378817419,16.0,0,0,1,1,descriptive only
all_drops,0,older,recovery_stop_10,Real Estate,48,26,21,66.66666666666666,2.1463111201608434,5.945310873647546,-11.378443327857763,-14.317918938696494,14.583333333333334,7.5705301074033,-8.70212685432407,-2.045573828881186,-2.797589296166415,37.5,1.6075942424708722,-1.4339783435299127,1.0994454400280795,-7.338023981199287,24.0,0,0,1,1,descriptive only
all_drops,0,older,recovery_stop_10,Utilities,46,19,26,69.56521739130434,3.3516043649951843,6.717090264109649,-11.737420409781235,-17.070805043646942,15.217391304347828,9.04453890450247,-9.660817439592904,-0.18664764131406386,-1.003554262084295,50.0,2.9164090990460356,1.5608254784693631,6.717090264109649,-5.696508219415158,23.0,0,0,1,1,descriptive only
all_drops,0,older,trailing_close_10,Communication Services,77,24,49,54.54545454545454,5.703870850294557,0.48893463715902197,-12.371151837977951,-16.945535256957477,22.07792207792208,18.054636430206536,-9.11704784559981,-1.2272033594038838,3.888497053792738,48.05194805194805,0.5363151991026438,-0.2173037986021642,0.17628911414719894,-6.564429598137456,25.0,0,0,1,1,descriptive only
all_drops,0,older,trailing_close_10,Consumer Discretionary,131,43,73,54.19847328244275,2.7808788995360394,1.6574420344053875,-11.845561732543208,-22.66483516483516,17.557251908396946,12.573477779278031,-8.807029774825317,-1.9568636594446969,0.6181977039630502,43.51145038167939,0.8227693014263355,-1.4994569552158055,-0.17696267696267753,-6.982718355908457,30.0,1,2,1,1,descriptive only
all_drops,0,older,trailing_close_10,Consumer Staples,58,29,40,53.44827586206896,2.5548293266063555,0.6644501958854132,-8.630951159065694,-11.148282987306901,3.4482758620689653,9.236223835305422,-5.116401405603686,-2.172166010222293,-1.0325666183138467,41.37931034482759,-0.31574390994992263,-1.7598697909061378,0.6644501958854132,-4.736540001072531,30.0,0,0,1,1,descriptive only
all_drops,0,older,trailing_close_10,Energy,63,21,31,55.55555555555556,2.343741456692736,0.4602991944764101,-11.219300768821224,-15.9525538610506,14.285714285714285,10.426281890182691,-7.7594340851697075,-2.0282140296341566,0.2719145479642458,47.61904761904761,-0.5308854103721505,-3.3377801064824686,0.28542892668314,-5.268490374873358,30.0,0,0,1,1,descriptive only
all_drops,0,older,trailing_close_10,Financials,174,76,54,62.643678160919535,4.895828565286504,3.727370349802339,-11.395894052240067,-19.236000906823847,16.091954022988507,12.74617013802865,-8.268590379773407,-1.694456612324574,-0.8004759898927021,45.97701149425287,0.7855989130639618,-0.7111617664395937,-1.4363798144146345,-5.68010488472408,30.0,1,2,1,1,descriptive only
all_drops,0,older,trailing_close_10,Health Care,162,56,88,53.086419753086425,0.9286112433199235,0.9887314699415728,-11.284338462188195,-33.02084309865316,17.901234567901234,9.083521173236203,-8.299313151059025,-2.94265578739501,-2.928562338335584,39.50617283950617,-0.7454239698254567,-2.0831736370206064,0.57938783870779,-5.317397261341955,30.0,2,2,1,1,descriptive only
all_drops,0,older,trailing_close_10,Industrials,205,80,84,56.58536585365853,3.9803374807154004,2.1392617449664586,-10.627529706191957,-22.54489873901414,13.658536585365855,13.093817379380656,-7.897905982713476,-1.9931137511828956,0.31855348426849284,41.951219512195124,-0.43241471133072806,-2.36759259677922,-0.7515531722094182,-6.633435582822078,30.0,3,4,1,1,descriptive only
all_drops,0,older,trailing_close_10,Information Technology,286,73,111,52.44755244755245,3.4865853983512283,0.6988103757281539,-11.555892029872407,-26.87105500450857,18.181818181818183,14.554652261223067,-8.72084128863977,-0.7428867253003013,1.0266633701145993,47.2027972027972,-1.0503000857387867,-2.3580554662523623,-1.1384850481496511,-6.916236408153765,25.0,3,5,1,1,descriptive only
all_drops,0,older,trailing_close_10,Materials,73,23,47,46.57534246575342,2.211369273138635,-0.9759906304899424,-11.499819397956152,-16.546242774566466,16.43835616438356,13.564621500519578,-7.6863377968857804,-2.2725482852149703,-0.7853731429674071,41.0958904109589,-2.901444849054391,-2.0613092926178282,-2.901444849054391,-5.76956000684814,30.0,0,0,0,1,descriptive only
all_drops,0,older,trailing_close_10,Real Estate,48,26,21,64.58333333333334,3.538286013163834,5.561297479893157,-9.64023899249525,-14.317918938696494,8.333333333333332,9.633693682689781,-7.576869148912895,-3.7532865177704706,-3.541964982490786,29.166666666666668,1.2282417367494691,-1.60057455622038,-0.01829519542251301,-7.2131702829134055,30.0,0,0,1,1,descriptive only
all_drops,0,older,trailing_close_10,Utilities,46,19,26,63.04347826086957,4.290435173959003,3.8089192320602816,-10.579282491662472,-17.070805043646942,10.869565217391305,11.354384783633423,-7.759831807250305,-2.850420456121805,-0.971373541511644,41.30434782608695,-0.7068342977993773,-1.8403100076680112,3.613333586490808,-5.696508219415158,30.0,0,0,1,1,descriptive only
all_drops,0,recent,hold_20,Communication Services,42,23,29,52.38095238095239,0.4954230376460133,0.892332448276778,-17.75275627626514,-39.372247890501285,19.047619047619047,11.13398684375264,-11.206997149071274,-0.3595514822248458,-1.1302024166927407,47.61904761904761,-1.4233506443546928,-0.21513276957771943,0.892332448276778,-8.510534394808538,20.0,0,0,1,1,descriptive only
all_drops,0,recent,hold_20,Consumer Discretionary,69,39,47,53.62318840579711,1.323991593109817,1.3510365711623562,-12.309725511462412,-21.540035814786396,15.942028985507244,9.386027883146003,-7.997737867244524,-1.5198802558834434,-0.7535117429607711,46.3768115942029,1.286411875812743,-1.5198802558834434,0.7922959072006908,-6.831491712707183,20.0,1,2,1,1,descriptive only
all_drops,0,recent,hold_20,Consumer Staples,24,17,23,50.0,-1.05091978367534,-0.6972752850806341,-13.055181331779355,-15.85854903390449,20.833333333333336,5.768682497773657,-7.870522065124335,-2.690675824240624,-1.6696322394464798,37.5,-1.7992177314211322,-3.2720135395478134,-2.989225872885087,-4.769561321127408,20.0,0,0,0,0,small (<30 trades)
all_drops,0,recent,hold_20,Energy,20,14,17,65.0,2.4667278912716983,2.3162553999535485,-8.629478957764828,-16.75081139560043,10.0,8.221226554879191,-8.220198198285072,0.8130733685436597,0.09029676782144565,55.00000000000001,3.292427416941046,1.3633248663584285,2.3162553999535485,-6.868786365510598,20.0,0,0,0,0,small (<30 trades)
all_drops,0,recent,hold_20,Financials,94,58,47,41.48936170212766,-1.3055825598522655,-2.2186396607192904,-14.111928791733437,-31.626085782438462,18.085106382978726,8.658824264093047,-8.371252853195305,-1.3697638381100385,-1.6690865630019578,43.61702127659575,-1.5842313714654055,-2.209230368548609,-1.64325853845404,-7.393725486374764,20.0,0,2,0,1,descriptive only
all_drops,0,recent,hold_20,Health Care,79,45,42,54.43037974683544,0.026190980604511385,0.35367825383993967,-11.352034444487076,-23.810814473505904,18.9873417721519,6.9576223468568195,-8.253018706863525,-1.6583859515013835,-1.8310416524763118,44.303797468354425,0.4363304304546678,-2.662864948694377,-1.1765563967698345,-6.904461520816607,20.0,1,2,1,1,descriptive only
all_drops,0,recent,hold_20,Industrials,110,64,52,48.18181818181818,0.1107947750573347,-0.5313230207833808,-11.864193830917998,-27.510701350016465,14.545454545454545,8.712633052925106,-7.887405728924979,-0.2778702162665514,-1.2780171443987753,46.36363636363636,-1.1570618306611795,-1.3363182547415198,-0.6315038304035403,-7.211275510369875,20.0,1,2,0,1,descriptive only
all_drops,0,recent,hold_20,Information Technology,203,72,71,55.172413793103445,5.343044501736955,2.227091057928443,-15.865763091528963,-34.96545370796868,21.67487684729064,18.285978466620264,-10.586720378119422,1.5560454922900702,3.6626341632564894,53.69458128078818,3.6513868238751748,3.362069589140259,5.305291723202177,-10.725394891632444,20.0,2,2,1,1,descriptive only
all_drops,0,recent,hold_20,Materials,35,15,26,54.285714285714285,2.589110817774286,1.0126582278481067,-10.519593398833557,-17.960116855074304,11.428571428571429,11.164183856229192,-7.593788415390913,-0.18431839607162548,0.8911623537743927,48.57142857142857,0.13601724776340363,-0.7447541269111291,-0.7781107403119325,-8.102908125042575,20.0,0,0,1,1,descriptive only
all_drops,0,recent,hold_20,Real Estate,11,7,10,54.54545454545454,-2.094790237447597,0.16831868337385814,-15.047021943573668,-27.872031022782352,27.27272727272727,7.221563989576545,-13.274415309876568,1.1775155128499137,-3.193049133318009,54.54545454545454,0.8744247947089834,1.3932129738969234,4.0023543260741645,-7.737569873492212,20.0,0,0,0,0,small (<30 trades)
all_drops,0,recent,hold_20,Utilities,10,4,9,50.0,1.0674163340930503,-0.2783145130202558,-9.609037947353,-10.162319897866123,10.0,7.928392232900312,-5.793559564714212,-0.3994499725875622,0.4502200522784717,50.0,-1.0830324909747335,-1.1438580428668743,-4.08744162982822,-9.432672750857124,20.0,0,0,0,0,small (<30 trades)
all_drops,0,recent,hold_30,Communication Services,42,23,29,52.38095238095239,1.178530821404816,1.0938317491011484,-18.77716177683645,-36.12286067547341,26.190476190476193,13.43391967893653,-12.30239692188007,-0.5625229481994345,-0.5821792699945709,47.61904761904761,-0.2070684027655978,-0.8769575439054655,0.08193420958231834,-10.114817626217725,30.0,0,0,1,1,descriptive only
all_drops,0,recent,hold_30,Consumer Discretionary,69,39,47,52.17391304347826,1.6894878407536489,0.6716895301727144,-11.097132801987826,-32.47202676202561,17.391304347826086,11.00588654558023,-8.47385620087535,-2.8798063699873255,-1.0373755062846035,44.927536231884055,-1.0573980074667588,-2.7342211496112436,-1.1808288955776791,-7.560270009643199,30.0,1,2,1,1,descriptive only
all_drops,0,recent,hold_30,Consumer Staples,24,17,23,58.333333333333336,1.799467022468385,4.569602027357589,-11.846913466056849,-16.231951560316716,16.666666666666664,9.24052751115478,-8.618017661692567,0.435263565066496,-0.029799660131350398,50.0,2.847481758319992,-0.6300677158617041,-0.18801123528369712,-6.7248349816016075,30.0,0,0,0,0,small (<30 trades)
all_drops,0,recent,hold_30,Energy,20,14,17,60.0,4.140193829321138,6.052099061639571,-10.191023692648706,-16.42625315542733,10.0,12.12438257271892,-7.836089285775532,3.1570032717271657,0.7547873546442145,55.00000000000001,6.087174348697388,6.026434574694495,6.715494497476538,-7.905888359428181,30.0,0,0,0,0,small (<30 trades)
all_drops,0,recent,hold_30,Financials,94,58,47,48.93617021276596,-0.310308002890513,-0.08661890428832142,-14.447517668363512,-29.10121967685314,20.212765957446805,8.945982382998809,-9.180919622701113,0.19422945117499868,-0.7576625518276137,50.0,0.6352020090110155,-0.17960848989808653,0.3182813286468522,-9.429563887799958,30.0,1,2,0,1,descriptive only
all_drops,0,recent,hold_30,Health Care,79,45,42,51.89873417721519,2.5795795470929117,0.8521089161772633,-15.204353622111784,-22.366016300321068,26.582278481012654,14.291850621666649,-10.057344507052436,-1.2590320794460093,1.4322586828331834,45.56962025316456,1.2809255126005836,-1.1373599466349635,-1.798696122482707,-8.807457409193177,30.0,1,2,1,1,descriptive only
all_drops,0,recent,hold_30,Industrials,110,64,52,42.72727272727273,-0.5379693772759471,-1.6154863371330208,-13.948445370702139,-34.18625659124809,20.0,10.76174401298167,-8.967914287468139,-2.3328488016287894,-2.03436931210671,41.81818181818181,-1.0862386446117145,-2.509705197142382,-0.8853894806978402,-8.454946034182388,30.0,1,2,0,1,descriptive only
all_drops,0,recent,hold_30,Information Technology,203,72,71,55.66502463054187,9.338400557986905,2.54361799816345,-16.525014763104785,-41.473975126669735,18.7192118226601,25.33113602425719,-10.74136730521912,3.8288472851393696,7.302760466497997,56.65024630541872,8.788814236426369,7.3797344048281985,8.31772683241847,-11.733800350262701,30.0,2,2,1,1,descriptive only
all_drops,0,recent,hold_30,Materials,35,15,26,40.0,0.8631182818275774,-2.470461868958118,-13.025629153601601,-24.68563444684364,17.142857142857142,13.718405921699693,-7.707073478087167,-2.0204171980118257,-1.0989030396226058,37.142857142857146,-2.5862778470977013,-3.511833434342793,-2.940424443876244,-10.594315245478036,30.0,0,0,0,1,descriptive only
all_drops,0,recent,hold_30,Real Estate,11,7,10,45.45454545454545,-2.0546969262819696,-3.9717563989408733,-14.37056591321564,-29.503958636290186,27.27272727272727,10.579729063758275,-12.583385251315507,-4.309645010556351,-2.7867286365263144,36.36363636363637,-0.1692197845715504,-5.1200524994583665,4.97550915184326,-7.737813535257921,30.0,0,0,0,0,small (<30 trades)
all_drops,0,recent,hold_30,Utilities,10,4,9,70.0,3.8397009736035015,2.0091679614092084,-2.908874674928017,-3.7971913186211848,0.0,6.6084441041099735,-2.6206996642449334,-1.8802712471018557,1.554823451842384,40.0,2.5020904354537965,-2.126794683681721,0.6236777934844784,-9.432672750857124,30.0,0,0,0,0,small (<30 trades)
all_drops,0,recent,recovery_30,Communication Services,42,23,29,66.66666666666666,2.292394387058619,5.527649306885252,-14.515366536781682,-36.12286067547341,16.666666666666664,9.346741127983089,-11.816299094790319,4.8477662404354245,1.4892238379819647,69.04761904761905,5.253922015933732,4.397472217172327,5.527649306885252,-6.8115383983505415,23.5,0,0,1,1,descriptive only
all_drops,0,recent,recovery_30,Consumer Discretionary,69,39,47,65.21739130434783,1.3430386478082796,4.984481035299071,-10.728519593088414,-32.47202676202561,13.043478260869565,6.871009892470424,-9.021907435933239,2.276775572281342,-0.04982976699773843,60.86956521739131,4.529068544776427,1.8653184231367739,3.996655518394654,-5.109622970369698,19.0,2,2,1,1,descriptive only
all_drops,0,recent,recovery_30,Consumer Staples,24,17,23,62.5,0.7891628583853683,3.8166330627422473,-11.846913466056849,-16.231951560316716,16.666666666666664,6.895147962549805,-9.387478981888693,0.8878032658464097,-1.04756559105322,54.166666666666664,4.785784367164503,1.500594845994696,1.6159577807584258,-6.7248349816016075,30.0,0,0,0,0,small (<30 trades)
all_drops,0,recent,recovery_30,Energy,20,14,17,65.0,1.8374880935327589,6.128088423215905,-10.191023692648706,-16.42625315542733,10.0,7.445669772379807,-8.577706452897475,6.372635030699769,-0.42637375046467085,55.00000000000001,6.017023774581753,8.486202654271402,6.405698358407319,-7.905888359428181,26.5,0,0,0,0,small (<30 trades)
all_drops,0,recent,recovery_30,Financials,94,58,47,54.25531914893617,-0.39227106279814156,1.65534279806544,-14.447517668363512,-29.10121967685314,18.085106382978726,7.096826582431601,-9.274689200163651,2.581339610460759,-0.39106983607806767,60.63829787234043,2.2685140013659844,2.815028302063105,2.352618893467151,-7.393725486374764,30.0,1,2,1,1,descriptive only
all_drops,0,recent,recovery_30,Health Care,79,45,42,58.22784810126582,1.4931992506558358,1.878458402096883,-15.204353622111784,-22.366016300321068,25.31645569620253,10.46595576699311,-11.014279529693093,0.2187303420701836,0.8572224288880228,50.63291139240506,3.1882396255230985,0.3216487876649743,1.028189490951259,-7.785651878458411,30.0,1,2,1,1,descriptive only
all_drops,0,recent,recovery_30,Industrials,110,64,52,51.81818181818182,-0.43975985515781413,0.549908937171184,-13.86522133135311,-34.18625659124809,18.181818181818183,7.890928895797646,-9.399179832600478,0.9666234962954383,-1.4684510105162347,50.90909090909091,0.2120061178730922,-1.5083957760962912,2.45578567160627,-7.921258976903034,30.0,1,2,1,1,descriptive only
all_drops,0,recent,recovery_30,Information Technology,203,72,71,67.98029556650246,3.5931523062394484,6.30969286887757,-13.039697475061034,-41.473975126669735,14.77832512315271,10.446098326909947,-10.956179245337921,5.1437452046977805,2.526511103675547,68.96551724137932,7.745339928460959,6.259935014983254,7.723286200107404,-9.221451723291874,18.0,2,2,1,1,descriptive only
all_drops,0,recent,recovery_30,Materials,35,15,26,65.71428571428571,3.551387786634481,6.284112700988342,-12.4330259802027,-15.386298971328527,14.285714285714285,9.980405288482245,-8.770895758573735,6.660285717670423,2.249429274502558,65.71428571428571,6.111303434269355,6.7148250310279325,5.938494167550368,-6.043663471778493,13.0,0,0,1,1,descriptive only
all_drops,0,recent,recovery_30,Real Estate,11,7,10,54.54545454545454,-1.446075898779572,3.6333168297977725,-14.37056591321564,-29.503958636290186,27.27272727272727,8.62101727613814,-13.526587708680825,3.4976152336894106,-0.6067189891584068,54.54545454545454,4.720327239697786,3.505328458598733,6.069335452468461,-7.396507749656656,30.0,0,0,0,0,small (<30 trades)
all_drops,0,recent,recovery_30,Utilities,10,4,9,80.0,4.564918242288848,6.054216618494013,-1.4102786461992334,-2.810172825628776,0.0,6.214261262125262,-2.032453837056808,4.79397448426292,2.963246263098651,70.0,4.878742621435173,4.150694206582816,6.054216618494013,-5.896791804785412,22.0,0,0,0,0,small (<30 trades)
all_drops,0,recent,recovery_stop_10,Communication Services,42,23,29,61.904761904761905,1.9638524898959882,5.130367002517278,-12.502681802836818,-21.401662049861493,19.047619047619047,9.515837048824856,-10.308122418363428,4.5461684291679845,1.5140131814308142,66.66666666666666,4.436068055804276,3.0292120715721182,5.130367002517278,-6.8115383983505415,12.0,0,0,1,1,descriptive only
all_drops,0,recent,recovery_stop_10,Consumer Discretionary,69,39,47,62.31884057971014,0.9286514101298142,4.984481035299071,-11.14649632849968,-14.931931759434768,17.391304347826086,7.0355786814190395,-9.171266769310058,2.2161261279229905,-0.3491953913911955,56.52173913043478,4.529068544776427,1.738267368415003,3.996655518394654,-5.109622970369698,13.0,2,2,1,1,descriptive only
all_drops,0,recent,recovery_stop_10,Consumer Staples,24,17,23,50.0,-1.4802286250249503,-0.3297994934126358,-11.098657961612327,-13.078990901571553,29.166666666666668,6.281479774771682,-9.241937024821581,-2.943364505983104,-1.9122132862153187,45.83333333333333,-0.760456273764254,-5.256661296104504,-5.8931947570980086,-6.7248349816016075,18.0,0,0,0,0,small (<30 trades)
all_drops,0,recent,recovery_stop_10,Energy,20,14,17,65.0,0.6974048678238748,6.128088423215905,-12.908112032647582,-17.619819896718024,30.0,7.445669772379807,-11.835087097780002,6.372635030699769,-0.5123040042481104,55.00000000000001,6.017023774581753,8.486202654271402,6.405698358407319,-7.905888359428181,12.0,0,0,0,0,small (<30 trades)
all_drops,0,recent,recovery_stop_10,Financials,94,58,47,50.0,-0.8947871333995203,0.12251212110406806,-12.530721092402295,-18.03937933912515,26.595744680851062,6.825594342465158,-8.615168609264197,2.058934199174173,-0.936056730911256,56.38297872340425,0.29082576892569545,0.6066691607426455,0.4630138889683555,-7.393725486374764,16.5,1,2,1,1,descriptive only
all_drops,0,recent,recovery_stop_10,Health Care,79,45,42,54.43037974683544,-0.5840462156001509,1.1371904389770648,-12.42881631701485,-20.003999800009996,34.177215189873415,7.813228954996598,-10.614124891590713,-0.9597284104694737,-1.547745270331857,48.10126582278481,1.2809255126005836,-0.9877081121466957,-1.8779717399073859,-7.785651878458411,17.0,1,2,1,1,descriptive only
all_drops,0,recent,recovery_stop_10,Industrials,110,64,52,47.27272727272727,-1.0568607519728257,-0.8654348334129258,-12.443510443504215,-20.86291939942545,25.454545454545453,7.8974695662583985,-9.084881037283576,-1.5723540033221073,-1.7833442599190317,46.36363636363636,-2.099516663504614,-2.833009809650145,-0.10659777470774512,-7.921258976903034,16.0,1,2,0,1,descriptive only
all_drops,0,recent,recovery_stop_10,Information Technology,203,72,71,54.679802955665025,0.7198190090214385,4.319145594471485,-14.387917127890217,-25.793735099025085,31.03448275862069,10.999473143545428,-11.682807175023811,2.7409630260194495,0.19135893242538554,55.66502463054187,6.219270249288367,4.67129577424672,6.105235412342269,-9.221451723291874,8.0,2,2,1,1,descriptive only
all_drops,0,recent,recovery_stop_10,Materials,35,15,26,60.0,2.2013274918853667,6.2017434620174505,-12.858012997243017,-14.140668266568213,22.857142857142858,10.089072869284426,-9.630290574213223,6.65571256802835,1.4319518032335858,60.0,2.581115291468822,1.5836696085539892,4.286474973375931,-6.043663471778493,9.0,0,0,1,1,descriptive only
all_drops,0,recent,recovery_stop_10,Real Estate,11,7,10,54.54545454545454,0.42397237916488406,3.6333168297977725,-11.202771819831714,-15.398287283890777,18.181818181818183,8.62101727613814,-9.412481497203022,3.4976152336894106,-0.015613051737108757,54.54545454545454,4.720327239697786,3.505328458598733,6.069335452468461,-7.396507749656656,14.0,0,0,0,0,small (<30 trades)
all_drops,0,recent,recovery_stop_10,Utilities,10,4,9,60.0,0.7887310532671268,3.1974940543998964,-10.812588891830664,-12.71349605614558,20.0,6.9625987363869015,-8.472070471412536,0.803298858141166,-0.9674997407272459,50.0,4.878742621435173,3.2403455268043224,6.054216618494013,-5.896791804785412,10.0,0,0,0,0,small (<30 trades)
all_drops,0,recent,trailing_close_10,Communication Services,42,23,29,45.23809523809524,0.5737624903650028,-3.3742696244641603,-14.171918727622192,-21.401662049861493,16.666666666666664,12.554988991521812,-9.323772445373228,-1.6370837574471113,-0.3220858164086194,45.23809523809524,-6.532604221791017,-4.773670470508641,-6.639202614276291,-8.34177776721563,21.5,0,0,0,1,descriptive only
all_drops,0,recent,trailing_close_10,Consumer Discretionary,69,39,47,43.47826086956522,1.131076596130589,-2.0684860073005296,-10.20357082400125,-13.148416922001827,11.594202898550725,11.727848007035533,-7.020286027642444,-4.466135503346235,-1.1566438635930452,36.231884057971016,-1.8729096989966498,-4.225281281789095,-2.394241697183974,-6.171335769386932,22.0,0,2,0,1,descriptive only
all_drops,0,recent,trailing_close_10,Consumer Staples,24,17,23,45.83333333333333,-0.16438807607059816,-0.4526019995785724,-10.989127131074879,-12.333767926988271,20.833333333333336,8.654928206545542,-7.6268864690534866,-3.8119979763940606,-0.8297009236752043,41.66666666666667,-0.760456273764254,-5.256661296104504,-3.7924365006645258,-4.4044822499818945,30.0,0,0,0,0,small (<30 trades)
all_drops,0,recent,trailing_close_10,Energy,20,14,17,50.0,2.6789015158249363,2.7738952721687693,-10.290382955264093,-17.619819896718024,25.0,13.294139771377143,-7.9363367397272695,-0.38412587280796107,0.33338264609389545,50.0,6.017023774581753,4.408927838498133,6.052099061639571,-6.868786365510598,29.5,0,0,0,0,small (<30 trades)
all_drops,0,recent,trailing_close_10,Financials,94,58,47,40.42553191489361,-1.0014814672510657,-2.9711186033236303,-11.480014671064422,-18.03937933912515,20.212765957446805,9.361528989171154,-8.033524276966144,-2.883185299202195,-1.6599671431791827,38.297872340425535,-1.3068311628969598,-2.8773671587113414,-1.1862611357669084,-7.393725486374764,23.5,1,2,0,1,descriptive only
all_drops,0,recent,trailing_close_10,Health Care,79,45,42,45.56962025316456,0.5121545923471309,-2.28485153497735,-10.751398399697958,-17.074720226750717,16.455696202531644,10.872199395489389,-8.161371289353365,-4.0663992697456575,-0.8749199655922434,41.77215189873418,-1.498603994685055,-3.729550625152031,-5.261700015405135,-7.354577642893267,28.0,1,2,0,1,descriptive only
all_drops,0,recent,trailing_close_10,Industrials,110,64,52,32.72727272727273,-2.0729965444781664,-4.996678212394645,-11.554497816675918,-20.86291939942545,18.181818181818183,9.541718328330461,-7.723398374493174,-5.289378809102957,-3.092882349610593,30.0,-4.729858266712133,-5.131733728814558,-4.752004230118661,-7.482042577098941,21.5,0,2,0,1,descriptive only
all_drops,0,recent,trailing_close_10,Information Technology,203,72,71,43.84236453201971,3.1532528748856,-3.785142139155029,-13.577588136210435,-25.793735099025085,27.586206896551722,19.803168215820982,-9.845365242160446,-3.439904785842951,2.1941133899072547,44.827586206896555,3.371905893171867,1.4705279217924185,1.7932305546561667,-8.494757419584154,14.0,0,2,0,1,descriptive only
all_drops,0,recent,trailing_close_10,Materials,35,15,26,42.857142857142854,1.3713407833085078,-2.345084640472117,-10.06407288585494,-13.665338645418323,11.428571428571429,13.009268958619149,-7.357105348174473,-3.375218740088659,-0.21357147503216203,40.0,-3.365322343244043,-3.8846634399657716,-4.405063291139244,-6.043663471778493,21.0,0,0,0,1,descriptive only
all_drops,0,recent,trailing_close_10,Real Estate,11,7,10,36.36363636363637,-1.09751157157613,-5.4280670785525125,-11.202771819831714,-15.398287283890777,18.181818181818183,11.24288186921512,-8.149164966313988,-6.024671560044304,-2.824535499663198,36.36363636363637,-5.058549921461858,-6.110171232072192,3.6333168297977725,-7.737569873492212,19.0,0,0,0,0,small (<30 trades)
all_drops,0,recent,trailing_close_10,Utilities,10,4,9,40.0,-0.6157130919635009,-2.635584108597394,-10.812588891830664,-12.71349605614558,20.0,8.712931101007548,-6.834809220610867,-2.980097235943874,-2.073164849703855,20.0,-2.556818181818188,-1.7397411613063185,-2.635584108597394,-6.49302722286832,13.0,0,0,0,0,small (<30 trades)
all_drops,10,older,hold_20,Communication Services,77,24,49,59.74025974025974,4.122650530855412,1.6787719750495311,-12.357896221413483,-39.12915463672615,15.584415584415584,13.549368761228278,-9.86538297227852,0.48908876863342776,2.6239439581705346,50.649350649350644,1.7342448674041444,1.0228091594190012,1.609309103985801,-6.826838558452975,20.0,0,0,1,1,descriptive only
all_drops,10,older,hold_20,Consumer Discretionary,131,43,73,57.25190839694656,2.43582132020567,2.465290556184585,-12.301953539840794,-24.95478612296793,14.50381679389313,10.451991993544441,-8.300121545873038,0.21635732192109014,1.0438063832070106,50.38167938931297,1.6344344099555763,-0.1718476386280532,0.9582306300175647,-6.967389742853025,20.0,1,2,1,1,descriptive only
all_drops,10,older,hold_20,Consumer Staples,58,29,40,63.793103448275865,1.3151793853728697,1.754744482442172,-10.651988055041738,-15.828466835178222,12.068965517241379,6.11220947034038,-7.1367307643317925,-0.018690551430033953,-1.5469041323773407,50.0,0.9722094966020056,0.20246856775192335,0.7530681834712616,-4.636746251229601,20.0,0,0,1,1,descriptive only
all_drops,10,older,hold_20,Energy,63,21,31,60.317460317460316,2.78720261308754,2.800081851832714,-8.749289126328183,-26.63009654638635,6.349206349206349,9.134975361524903,-6.861411964537253,0.006724818463199611,-0.010384962006150876,50.79365079365079,1.8709441862304832,0.006724818463199611,2.6837684091954084,-4.638708704178618,20.0,0,0,1,1,descriptive only
all_drops,10,older,hold_20,Financials,174,76,54,64.9425287356322,3.409576744929788,3.529579643190206,-8.86220301545727,-26.766133442229624,8.620689655172415,8.729008952466426,-6.444453410015132,-0.36843413683480586,-0.6612926044273122,45.97701149425287,0.5394470936201268,-0.8029499763468229,-0.55380204358636,-5.630423183288991,20.0,1,2,1,1,descriptive only
all_drops,10,older,hold_20,Health Care,162,56,88,58.0246913580247,1.4172800941690715,1.8063076453847415,-11.465478742780002,-35.29880932609583,12.962962962962962,8.194488626043222,-7.951214052833429,-1.2445344821257809,-1.7583783727278537,45.06172839506173,0.7503745046121502,-0.5230166953576587,1.2464257681094493,-5.307240969412636,20.0,2,2,1,1,descriptive only
all_drops,10,older,hold_20,Industrials,205,80,84,57.073170731707314,2.829515105677979,2.0161411528915263,-10.065392073068697,-23.993191684403325,10.24390243902439,9.82457004991322,-6.4707283997256955,-0.36621946150271434,0.47850324383260395,48.78048780487805,-0.1503471790411881,-0.5399972407633875,-0.42933621088950824,-6.180986605684424,20.0,2,4,1,1,descriptive only
all_drops,10,older,hold_20,Information Technology,286,73,111,56.64335664335665,3.787161990908884,2.3506004015127258,-11.88987213005105,-33.261231083774156,14.335664335664337,13.370096693897896,-8.732478508157406,-0.2594897946621826,1.7119715015244974,49.3006993006993,-1.0785597024642213,-1.3043359023359846,-0.609945368842163,-6.968151483449575,20.0,3,5,1,1,descriptive only
all_drops,10,older,hold_20,Materials,73,23,47,60.273972602739725,3.326135826633013,1.692496127364418,-8.822049741672307,-18.19300367878567,8.21917808219178,9.596760197947734,-6.1879149436375975,-0.04902557017731901,0.9551565210524088,49.31506849315068,0.37464004338199075,-0.021177693931484498,0.37464004338199075,-5.091078935077076,20.0,0,0,1,1,descriptive only
all_drops,10,older,hold_20,Real Estate,48,26,21,70.83333333333334,3.2142679088617196,4.735966627382659,-7.672791029325374,-15.477565620398758,6.25,7.086889938532313,-6.190671306052576,-1.5531772757817919,-1.8916933814339092,37.5,3.062788864262822,-0.2959000104294951,1.433244153474178,-5.634114142334451,20.0,0,0,1,1,descriptive only
all_drops,10,older,hold_20,Utilities,46,19,26,67.3913043478261,2.1610876424704704,3.260014160265401,-8.350030354129267,-27.692405247925798,6.521739130434782,6.6491718276096865,-7.114286340150575,-1.2141232195679308,-2.421319756100886,43.47826086956522,2.1090561445172518,0.9482057970326446,2.9184166373711906,-4.474134320717144,20.0,0,0,1,1,descriptive only
all_drops,10,older,hold_30,Communication Services,77,24,49,54.54545454545454,7.154206610780654,1.4935923485945635,-15.091501316357261,-43.95684237243407,19.480519480519483,22.389306128513535,-11.127912810498797,-0.8316441454160106,4.885697946719408,49.35064935064935,1.4935923485945635,0.35347253228760245,0.28815754497690804,-7.800793301013664,30.0,0,0,1,1,descriptive only
all_drops,10,older,hold_30,Consumer Discretionary,131,43,73,60.30534351145038,4.454067194121226,4.003577649787027,-16.360974190644505,-36.84345865614746,16.030534351145036,14.796803173531305,-11.258935543828695,0.41632054870974766,1.9007292171678356,51.908396946564885,2.4142952493369396,0.612793124573991,1.4704052739262785,-7.461389961389953,30.0,1,2,1,1,descriptive only
all_drops,10,older,hold_30,Consumer Staples,58,29,40,53.44827586206896,2.6980022596028315,0.8517019306835572,-6.070332467260421,-18.50766682981447,5.172413793103448,9.346327625283797,-4.935260197290132,-1.9803798741228285,-0.8815186644900094,44.827586206896555,0.029629379264212163,-1.2847797653521398,0.8517019306835572,-4.817494548016782,30.0,0,0,1,1,descriptive only
all_drops,10,older,hold_30,Energy,63,21,31,57.14285714285714,3.364459225134067,0.45343747161930015,-7.482056584796264,-27.648821766468824,7.936507936507936,10.74120101922385,-6.471196500318974,0.6777946949447333,-0.2906559800487653,50.79365079365079,0.045166417400588355,-2.3427694116870734,0.2065820366342952,-6.151689767948909,30.0,0,0,1,1,descriptive only
all_drops,10,older,hold_30,Financials,174,76,54,65.51724137931035,5.850300429578377,4.110736255367464,-10.878775024678845,-33.1560019338664,13.218390804597702,13.61832567705913,-8.908947540635047,-0.4430732180554786,-0.2820880628579358,48.85057471264368,1.1256572994443408,-0.2958619436635779,-1.125876906885226,-5.919511977656805,30.0,1,2,1,1,descriptive only
all_drops,10,older,hold_30,Health Care,162,56,88,56.79012345679012,1.3969936188850414,2.0008449112762006,-13.464842797002785,-32.44036729497706,14.19753086419753,8.946420924014037,-8.525110839284494,-1.966671297838241,-2.988968619129264,41.358024691358025,0.9364887069708866,-1.0741748292035114,0.7234742707422859,-6.2698193334806245,30.0,2,2,1,1,descriptive only
all_drops,10,older,hold_30,Industrials,205,80,84,60.48780487804878,4.504093896324085,2.783225926055266,-12.120038893948731,-41.36719216867809,13.170731707317074,13.130320413169715,-8.701487438106257,-0.9999278179165785,0.6933696982225963,45.85365853658537,0.053312781479758486,-1.3220856199762432,0.2561845405719465,-6.8407795306907,30.0,3,4,1,1,descriptive only
all_drops,10,older,hold_30,Information Technology,286,73,111,56.29370629370629,4.729440019851865,2.479227423991348,-18.444135994036674,-44.78783456899183,23.776223776223777,18.06964382206204,-12.452742477394844,0.2991799057774247,2.068029131893456,51.048951048951054,-0.19247167423941391,-0.784175022576983,-0.3668700735982744,-8.09366239556088,30.0,3,5,1,1,descriptive only
all_drops,10,older,hold_30,Materials,73,23,47,50.68493150684932,3.3099870151868886,0.15021219136253094,-13.595762889600646,-21.795279232727673,13.698630136986301,13.79037014312551,-7.461517866305586,-1.8305929751622152,-0.31266914853169653,39.726027397260275,-1.8028866347106876,-1.7609814951905944,-1.8028866347106876,-5.898268398268403,30.0,0,0,1,1,descriptive only
all_drops,10,older,hold_30,Real Estate,48,26,21,64.58333333333334,2.940794073973663,5.350385796616653,-10.36958267070568,-25.439138243708893,12.5,9.414645343663441,-8.864464123695933,-3.7457874438088847,-4.539059280474226,31.25,1.0259875075052216,-2.247238990187528,-0.2180588413856932,-7.338023981199287,30.0,0,0,1,1,descriptive only
all_drops,10,older,hold_30,Utilities,46,19,26,65.21739130434783,5.5977139208935025,4.594900490248266,-11.25946115843971,-25.956307369760268,13.043478260869565,14.088475342774496,-10.322463745133355,-2.6135157693911446,0.00924185136201272,43.47826086956522,2.516263112757955,-0.07655719583113951,4.445721486739151,-6.594417829215049,30.0,0,0,1,1,descriptive only
all_drops,10,older,recovery_30,Communication Services,77,24,49,66.23376623376623,3.871909935152285,5.858311271386296,-14.044989851412293,-43.95684237243407,15.584415584415584,11.940457315731248,-11.954856080598756,2.22548129213207,2.6943211808205425,62.33766233766234,6.141194412536222,3.7032399701552254,5.729934299277373,-6.907230375656381,28.0,0,0,1,1,descriptive only
all_drops,10,older,recovery_30,Consumer Discretionary,131,43,73,66.41221374045801,2.8205678123597835,6.237369977898122,-16.133813629871884,-36.84345865614746,15.267175572519085,10.234656864086917,-11.839108267191593,2.902770809323429,1.2031356268133937,62.59541984732825,3.337686847734944,2.139128495624598,5.300210811232842,-6.744647743735577,25.0,1,2,1,1,descriptive only
all_drops,10,older,recovery_30,Consumer Staples,58,29,40,62.06896551724138,2.862280785692191,4.572036442757588,-6.070332467260421,-18.50766682981447,5.172413793103448,7.961475996934403,-5.481856832704159,2.2424178341903023,0.5263852683973139,62.06896551724138,2.921924441606377,1.813142876732587,3.0015766888925266,-4.736540001072531,30.0,0,0,1,1,descriptive only
all_drops,10,older,recovery_30,Energy,63,21,31,65.07936507936508,3.5749194385506406,5.984196927952912,-6.44145504118266,-27.648821766468824,6.349206349206349,8.884732062612738,-6.3206404517469,3.4063315324191823,0.18662228763201663,60.317460317460316,4.432257233139558,3.374378505801845,6.041219373429573,-4.958261370178474,27.0,0,0,1,1,descriptive only
all_drops,10,older,recovery_30,Financials,174,76,54,73.5632183908046,4.0108717466840185,5.581652184454311,-9.504512778236686,-33.1560019338664,9.770114942528735,8.789079117784574,-9.285009633769699,1.3180513711434356,-0.7407503212274524,57.47126436781609,3.7855130162053277,1.700218030360695,1.8159228258020965,-5.503039309694296,27.5,1,2,1,1,descriptive only
all_drops,10,older,recovery_30,Health Care,162,56,88,61.111111111111114,1.25263194812844,3.8771198046625766,-12.75620658712251,-32.44036729497706,13.580246913580247,7.674840144593865,-8.839409503460086,0.36049321961979564,-2.090466469254951,50.0,2.512426080346719,1.3228077652234604,2.828918444929962,-5.5067689001758175,30.0,2,2,1,1,descriptive only
all_drops,10,older,recovery_30,Industrials,205,80,84,67.31707317073172,2.7625634983993397,5.550441075361556,-12.120038893948731,-41.36719216867809,13.170731707317074,8.84247359042656,-9.7602363926418,1.3515902091088208,0.4736572342160706,53.170731707317074,1.516877711253303,1.038325412890986,2.103315915515014,-6.432748538011701,30.0,3,4,1,1,descriptive only
all_drops,10,older,recovery_30,Information Technology,286,73,111,67.13286713286713,2.494927864099472,6.1231367733211695,-17.45911519467866,-44.78783456899183,19.230769230769234,10.311815170758232,-13.471480251629059,3.416324974436979,1.0020989359731434,60.83916083916085,3.372646731548623,1.9435955022826246,3.8421277468229986,-6.828590705762672,23.0,4,5,1,1,descriptive only
all_drops,10,older,recovery_30,Materials,73,23,47,64.38356164383562,2.7295812457990154,5.118340013615241,-7.698893567534539,-21.079626730484446,5.47945205479452,7.61651278661382,-6.104487308750825,1.9850548637472043,0.20761880295530658,56.16438356164384,2.4543297136254694,1.2683201490868712,2.2833801269820153,-5.133203378817419,30.0,0,0,1,1,descriptive only
all_drops,10,older,recovery_30,Real Estate,48,26,21,66.66666666666666,1.7893430064758757,5.733631930843064,-10.36958267070568,-25.439138243708893,12.5,7.355603973322584,-9.343178927217542,-2.2589432476418483,-3.6644863555560234,37.5,1.4045820661622355,-1.5973766050591198,0.8974485460420234,-7.338023981199287,30.0,0,0,1,1,descriptive only
all_drops,10,older,recovery_30,Utilities,46,19,26,73.91304347826086,3.677518835356993,7.026454713073404,-10.691552713780078,-25.956307369760268,10.869565217391305,9.076800203184854,-11.620445040155284,1.5577069460448678,-0.725257951967536,54.347826086956516,5.02551104225576,3.456014076012698,7.026454713073404,-5.696508219415158,27.5,0,0,1,1,descriptive only
all_drops,10,older,recovery_stop_10,Communication Services,77,24,49,62.33766233766234,3.3000444178968533,5.45448456516473,-13.342825325548011,-17.7909653666916,25.97402597402597,11.739817558867225,-10.669235263709279,1.5009374785772245,2.1542681592255604,58.44155844155844,5.028850783821248,2.22548129213207,4.502129724061832,-6.907230375656381,16.0,0,0,1,1,descriptive only
all_drops,10,older,recovery_stop_10,Consumer Discretionary,131,43,73,63.358778625954194,2.9724845133999596,5.974410423545784,-12.48394462680178,-22.81935097869162,19.84732824427481,10.350125192283901,-9.78468582717019,2.0527302154768723,1.3005651523419417,57.25190839694656,3.268348028855561,1.158126445314939,4.84812508025001,-6.744647743735577,18.0,1,2,1,1,descriptive only
all_drops,10,older,recovery_stop_10,Consumer Staples,58,29,40,62.06896551724138,2.843590018920655,4.572036442757588,-9.946265578369266,-12.296476741854024,8.620689655172415,7.961475996934403,-5.53113249055639,1.9117709890663637,0.7574170816584956,60.3448275862069,2.921924441606377,1.4145295768594144,3.0015766888925266,-4.736540001072531,22.0,0,0,1,1,descriptive only
all_drops,10,older,recovery_stop_10,Energy,63,21,31,61.904761904761905,2.752367992908687,5.984196927952912,-11.396684783269142,-21.237156383777712,15.873015873015872,9.200801012021014,-7.726335663148842,3.4063315324191823,1.1387207445332046,60.317460317460316,4.432257233139558,3.374378505801845,6.041219373429573,-4.958261370178474,14.0,0,0,1,1,descriptive only
all_drops,10,older,recovery_stop_10,Financials,174,76,54,72.41379310344827,3.6555128000594146,5.354181836713212,-11.7227112125263,-19.397367538378653,16.091954022988507,8.737613077603589,-9.685000428494044,1.0152603493164991,-0.8107680765421122,55.172413793103445,3.337547482430747,0.9768199530387711,1.6492503800420666,-5.503039309694296,21.0,1,2,1,1,descriptive only
all_drops,10,older,recovery_stop_10,Health Care,162,56,88,59.876543209876544,0.7577596971293518,3.50354804668237,-11.99677396841362,-33.154667587966536,21.604938271604937,7.709607699554748,-9.616536552643929,-0.8255120591205811,-2.299774753416511,46.913580246913575,2.0111607175043456,-0.8057978381582176,2.660827692715473,-5.5067689001758175,19.0,2,2,1,1,descriptive only
all_drops,10,older,recovery_stop_10,Industrials,205,80,84,64.8780487804878,2.327747448791786,4.7524203167910395,-12.210362788234814,-22.699654186089035,18.536585365853657,8.702360748866871,-9.447579897180251,0.8423512979206187,0.24527959268538158,51.21951219512195,0.71935552072179,0.6602997483009798,1.6893341603289924,-6.432748538011701,20.0,3,4,1,1,descriptive only
all_drops,10,older,recovery_stop_10,Information Technology,286,73,111,62.93706293706294,2.44342897714418,5.596835884328866,-12.99816362323265,-27.017166782721336,24.475524475524477,10.303994142792154,-10.904700549427856,2.685620627059282,1.0329520933292233,57.34265734265735,2.86475674546367,0.8244599865095132,2.9047365508786505,-6.828590705762672,15.5,4,5,1,1,descriptive only
all_drops,10,older,recovery_stop_10,Materials,73,23,47,60.273972602739725,1.3892929847147273,5.094905094905111,-11.673832456166851,-16.712983548243642,17.80821917808219,7.889818809787456,-8.473573784361136,1.5830657851794827,-0.35218474071251643,54.794520547945204,2.2844966192605787,0.7003367693696481,1.5747611888726087,-5.133203378817419,16.0,0,0,1,1,descriptive only
all_drops,10,older,recovery_stop_10,Real Estate,48,26,21,66.66666666666666,1.9422225864542375,5.733631930843064,-11.555509375154747,-14.489111907849939,16.666666666666664,7.355603973322584,-8.884540187282454,-2.0414867682840176,-2.791999707163086,37.5,1.4045820661622355,-1.431113251934463,0.8974485460420234,-7.338023981199287,24.0,0,0,1,1,descriptive only
all_drops,10,older,recovery_stop_10,Utilities,46,19,26,69.56521739130434,3.1451076529772215,6.50386930454101,-11.913769220151288,-17.236497740862422,15.217391304347828,8.82666769790008,-9.841315306846454,-0.1862747189538161,-1.0015491586635459,50.0,2.710781908038973,1.5577069460448678,6.50386930454101,-5.696508219415158,23.0,0,0,1,1,descriptive only
all_drops,10,older,trailing_close_10,Communication Services,77,24,49,51.94805194805194,5.492674305139136,0.28815754497690804,-12.546234451688278,-17.111478243457068,23.376623376623375,18.71148699779083,-8.797934011241068,-1.2247514046398456,3.880727828910035,48.05194805194805,0.33544344046310126,-0.21686962517835084,-0.023863311655281105,-6.564429598137456,25.0,0,0,1,1,descriptive only
all_drops,10,older,trailing_close_10,Consumer Discretionary,131,43,73,54.19847328244275,2.5755224981383766,1.454330262108905,-12.02169447633431,-22.81935097869162,18.3206106870229,12.348555745753012,-8.989233511538941,-1.9529538419433163,0.6169625437153715,43.51145038167939,0.6213252069179998,-1.4964610372233622,-0.37640930498071823,-6.982718355908457,30.0,1,2,1,1,descriptive only
all_drops,10,older,trailing_close_10,Consumer Staples,58,29,40,51.724137931034484,2.3499245727070535,0.46332242326627693,-8.813506701205416,-11.32580889542415,3.4482758620689653,9.320015582310003,-5.118030080438966,-2.1678260181938858,-1.0305035481473852,41.37931034482759,-0.5149132527871692,-1.756353567547686,0.46332242326627693,-4.736540001072531,30.0,0,0,1,1,descriptive only
all_drops,10,older,trailing_close_10,Energy,63,21,31,52.38095238095239,2.1392584567792743,0.2595793159659854,-11.396684783269142,-16.12048082636318,14.285714285714285,10.828801906106959,-7.419239337481177,-2.0241616539505847,0.27137126215412477,47.61904761904761,-0.7296249000616983,-3.3311112151608313,0.08505843931715384,-5.268490374873358,30.0,0,0,1,1,descriptive only
all_drops,10,older,trailing_close_10,Financials,174,76,54,62.643678160919535,4.686246490230997,3.520122856595953,-11.572925232954868,-19.397367538378653,16.666666666666664,12.52090306482581,-8.45186991947415,-1.6910710846276154,-0.7988766372655429,45.97701149425287,0.5842290850658405,-0.7097408638093601,-1.6333101244757287,-5.68010488472408,30.0,1,2,1,1,descriptive only
all_drops,10,older,trailing_close_10,Health Care,162,56,88,51.85185185185185,0.7269556764002137,0.7869557826889473,-11.461592531194803,-33.154667587966536,17.901234567901234,9.07913066117564,-8.267694307204087,-2.936776355252369,-2.9227110649323165,39.50617283950617,-0.9437348110445748,-2.079011451931644,0.3784300208482527,-5.317397261341955,30.0,2,2,1,1,descriptive only
all_drops,10,older,trailing_close_10,Industrials,205,80,84,56.58536585365853,3.772584558676021,1.935187295925589,-10.806096080405347,-22.699654186089035,14.146341463414632,12.867855706294996,-8.08192615058017,-1.9891315059257897,0.31791701377045445,41.951219512195124,-0.6313509456737116,-2.3628621420403926,-0.9498517672699269,-6.633435582822078,30.0,3,4,1,1,descriptive only
all_drops,10,older,trailing_close_10,Information Technology,286,73,111,51.74825174825175,3.279818993958929,0.4976139514010325,-11.732603534308211,-27.017166782721336,19.93006993006993,14.52016217968706,-8.775041813923416,-0.7414024361388605,1.0246120946498356,47.2027972027972,-1.248001783869146,-2.3533440667193872,-1.3360105525489496,-6.916236408153765,25.0,3,5,1,1,descriptive only
all_drops,10,older,trailing_close_10,Materials,73,23,47,46.57534246575342,2.007150753112397,-1.1738407990603883,-11.676642935622557,-16.712983548243642,16.43835616438356,13.337719159859219,-7.870780678410472,-2.2680077292005496,-0.7838039658585801,41.0958904109589,-3.0954479562490755,-2.0571907925326585,-3.0954479562490755,-5.76956000684814,30.0,0,0,0,1,descriptive only
all_drops,10,older,trailing_close_10,Real Estate,48,26,21,64.58333333333334,3.331416310839842,5.350385796616653,-9.82077797552722,-14.489111907849939,8.333333333333332,9.414645343663441,-7.761530749014957,-3.7457874438088847,-3.5348881293789147,29.166666666666668,1.0259875075052216,-1.5973766050591198,-0.2180588413856932,-7.2131702829134055,30.0,0,0,1,1,descriptive only
all_drops,10,older,trailing_close_10,Utilities,46,19,26,63.04347826086957,4.082062676108947,3.6015088040242116,-10.757945263906894,-17.236497740862422,13.043478260869565,11.131898500349456,-7.944127847595447,-2.844725310355317,-0.9694327352348976,41.30434782608695,-0.9052222412603006,-1.8366330645957385,3.406313938965355,-5.696508219415158,30.0,0,0,1,1,descriptive only
all_drops,10,recent,hold_20,Communication Services,42,23,29,52.38095238095239,0.2946329816267531,0.6907493664620623,-17.917086433555294,-39.49338226035043,19.047619047619047,10.91194091599291,-11.384405746176014,-0.35883309764497273,-1.1279442700060411,47.61904761904761,-1.6203069867236075,-0.21470293387426675,0.6907493664620623,-8.510534394808538,20.0,0,0,1,1,descriptive only
all_drops,10,recent,hold_20,Consumer Discretionary,69,39,47,53.62318840579711,1.1215460554612562,1.1485369975936077,-12.484930855095849,-21.696798979991605,15.942028985507244,9.167474380881988,-8.181558570806464,-1.5168435320954576,-0.7520062249928197,46.3768115942029,1.0840414225144368,-1.5168435320954576,0.5909126985949253,-6.831491712707183,20.0,1,2,1,1,descriptive only
all_drops,10,recent,hold_20,Consumer Staples,24,17,23,50.0,-1.2486202436480027,-0.8956823274680725,-13.228897253194365,-16.026663821049524,20.833333333333336,5.557356458817079,-8.054596946113085,-2.6852998485678183,-1.6662963108961346,37.5,-1.9954230905991022,-3.2654760499583046,-3.1830535934187774,-4.769561321127408,20.0,0,0,0,0,small (<30 trades)
all_drops,10,recent,hold_20,Energy,20,14,17,65.0,2.2619991642162205,2.11182731723637,-8.812037441365693,-16.91714344076406,10.0,8.005000327996324,-8.403574425661116,0.8114488463287883,0.0901163546989272,55.00000000000001,3.08604894058353,1.3606009405515374,2.11182731723637,-6.868786365510598,20.0,0,0,0,0,small (<30 trades)
all_drops,10,recent,hold_20,Financials,94,58,47,41.48936170212766,-1.502774203089312,-2.414007014044528,-14.283533329612087,-31.76269699965636,19.148936170212767,8.441723716112852,-8.55432727306903,-1.3670270472247006,-1.6657517247142377,43.61702127659575,-1.7808662738201142,-2.204816321858205,-1.8397755044111619,-7.393725486374764,20.0,0,2,0,1,descriptive only
all_drops,10,recent,hold_20,Health Care,79,45,42,50.63291139240506,-0.173661548827256,0.15317140418191766,-11.529153256785792,-23.963040618413977,18.9873417721519,7.257844839510899,-7.795719383020235,-1.6550724930568084,-1.8273832275962394,44.303797468354425,0.23565844158263127,-2.6575445392064747,-1.374005834538522,-6.904461520816607,20.0,1,2,1,1,descriptive only
all_drops,10,recent,hold_20,Industrials,110,64,52,47.27272727272727,-0.08922679292478836,-0.7300616361264611,-12.040289347739332,-27.655535113552887,14.545454545454545,8.66156315694924,-7.9347626100532285,-0.27731503101926513,-1.2754636635907866,46.36363636363636,-1.3545502186118967,-1.3336482881985856,-0.8300422842888289,-7.211275510369875,20.0,1,2,0,1,descriptive only
all_drops,10,recent,hold_20,Information Technology,203,72,71,53.20197044334976,5.132568888346883,2.0228411257447787,-16.033863464972445,-35.0953928613993,21.67487684729064,18.72244994262847,-10.316980099678494,1.5529365102874948,3.655316212880353,53.69458128078818,3.444291145905404,3.3553521673837405,5.094891539939028,-10.725394891632444,20.0,2,2,1,1,descriptive only
all_drops,10,recent,hold_20,Materials,35,15,26,54.285714285714285,2.3841375693871347,0.8108347348853684,-10.698375430004717,-18.124032705513706,11.428571428571429,10.942077594778196,-7.77841621076475,-0.18395012754799378,0.8893818096110094,48.57142857142857,-0.06405471476957914,-0.7432661066775537,-0.9763562732983289,-8.102908125042575,20.0,0,0,1,1,descriptive only
all_drops,10,recent,hold_20,Real Estate,11,7,10,45.45454545454545,-2.290405042167974,-0.03181781749200807,-15.216758163466615,-28.016142848910654,27.27272727272727,8.41516567209418,-11.211713970719769,1.1751628345025633,-3.1866694147699235,54.54545454545454,0.6728774924218583,1.3904293315914362,3.7945574143337657,-7.737569873492212,20.0,0,0,0,0,small (<30 trades)
all_drops,10,recent,hold_20,Utilities,10,4,9,50.0,0.8654834343246408,-0.4775586398673648,-9.789639270135503,-10.341815762206041,10.0,7.712751089577838,-5.981784220928556,-0.3986518707442488,0.4493205117144779,50.0,-1.2806687896940505,-1.1415726122118164,-4.27907511308529,-9.432672750857124,20.0,0,0,0,0,small (<30 trades)
all_drops,10,recent,hold_30,Communication Services,42,23,29,50.0,0.9763759146687543,0.891846071280783,-18.93944516988972,-36.25048732747046,26.190476190476193,13.836646293922238,-11.883894464584726,-0.5613990262250013,-0.5810160746499294,47.61904761904761,-0.40645487948334225,-0.8752053809805815,-0.11802969493230897,-10.114817626217725,30.0,0,0,1,1,descriptive only
all_drops,10,recent,hold_30,Consumer Discretionary,69,39,47,52.17391304347826,1.4863120408720343,0.4705472933492105,-11.27476090827754,-32.6069477874761,17.391304347826086,10.784096562472193,-8.656725619055408,-2.87405251110624,-1.0353028279503707,44.927536231884055,-1.2550855239353398,-2.7287581702913397,-1.378269796885201,-7.560270009643199,30.0,1,2,1,1,descriptive only
all_drops,10,recent,hold_30,Consumer Staples,24,17,23,58.333333333333336,1.596071483961963,4.360671753576673,-12.023043509081695,-16.399320288467923,16.666666666666664,9.02226471892471,-8.800599044985882,0.434393907593833,-0.029740120350866373,50.0,2.641992284277417,-0.6288088393065383,-0.38743578826015423,-6.7248349816016075,30.0,0,0,0,0,small (<30 trades)
all_drops,10,recent,hold_30,Energy,20,14,17,60.0,3.932121513977853,5.84020675582212,-10.370462206749298,-16.59323366860329,10.0,11.900357832313901,-8.020232963526217,3.150695572882567,0.7532792880015743,55.00000000000001,5.8752119623863175,6.014393746373403,6.50227672625282,-7.905888359428181,30.0,0,0,0,0,small (<30 trades)
all_drops,10,recent,hold_30,Financials,94,58,47,48.93617021276596,-0.5094882066809298,-0.2862460393446786,-14.618451698996143,-29.242875581594696,20.212765957446805,8.728308092523301,-9.362376326751649,0.19384138034349574,-0.756148740535249,50.0,0.43413267432770297,-0.17924963177644582,0.11784520211609584,-9.429563887799958,30.0,1,2,0,1,descriptive only
all_drops,10,recent,hold_30,Health Care,79,45,42,51.89873417721519,2.3746253422036263,0.6506062010600333,-15.373775492996659,-22.52112915486587,26.582278481012654,14.063495275769228,-10.237050112432941,-1.256516530835727,1.4293970271232266,45.56962025316456,1.078566021066929,-1.1350874991891355,-1.9949025238363782,-8.807457409193177,30.0,1,2,1,1,descriptive only
all_drops,10,recent,hold_30,Industrials,110,64,52,40.909090909090914,-0.7366947131854746,-1.8120587920038733,-14.120376548782643,-34.31775258207477,20.0,11.011509873627517,-8.870067119440623,-2.3281877650620952,-2.030304638156447,41.81818181818181,-1.2838685374296666,-2.504690801144077,-1.083420670546592,-8.454946034182388,30.0,0,2,0,1,descriptive only
all_drops,10,recent,hold_30,Information Technology,203,72,71,55.66502463054187,9.119942215213715,2.338735644520762,-16.691797950391283,-41.590910241301756,19.704433497536947,25.08072416406888,-10.919706231682209,3.8211972406136163,7.288169536495002,56.65024630541872,8.571453968221721,7.364989680742596,8.101307797788259,-11.733800350262701,30.0,2,2,1,1,descriptive only
all_drops,10,recent,hold_30,Materials,35,15,26,40.0,0.6615935699757843,-2.665326081008146,-13.199404120327669,-24.8361126996971,20.0,13.491196319458547,-7.891474929679392,-2.016380400413409,-1.0967074291538308,37.142857142857146,-2.780910658592001,-3.5048167841243094,-3.1343496697625817,-10.594315245478036,30.0,0,0,0,1,descriptive only
all_drops,10,recent,hold_30,Real Estate,11,7,10,45.45454545454545,-2.2503918375181593,-4.163621021520402,-14.541653693608813,-29.644809867786105,27.27272727272727,10.358790544150379,-12.75804382224194,-4.301034331214571,-2.781160747142647,36.36363636363637,-0.36868188290405923,-5.109822624334576,4.7657678748165955,-7.737813535257921,30.0,0,0,0,0,small (<30 trades)
all_drops,10,recent,hold_30,Utilities,10,4,9,60.0,3.632229043586328,1.8053534400078064,-3.1028629373157677,-3.989404722579959,0.0,7.469853415659578,-2.124207514523546,-1.8765144613933527,1.551716911479062,40.0,2.29729105396439,-2.1225453436543695,0.4226314842068035,-9.432672750857124,30.0,0,0,0,0,small (<30 trades)
all_drops,10,recent,recovery_30,Communication Services,42,23,29,66.66666666666666,2.088013978692879,5.3168048527256655,-14.686165005239634,-36.25048732747046,16.666666666666664,9.128266120734382,-11.992490305390124,4.838080393801203,1.4862483657782055,69.04761904761905,5.043624469448371,4.388686058896263,5.3168048527256655,-6.8115383983505415,23.5,0,0,1,1,descriptive only
all_drops,10,recent,recovery_30,Consumer Discretionary,69,39,47,65.21739130434783,1.1405550541063756,4.77472183243135,-10.906884189306012,-32.6069477874761,13.043478260869565,6.6574814011767875,-9.203681846650646,2.2722265701389466,-0.049730207023719,60.86956521739131,4.320219256974678,1.8615915132004224,3.7888699928833702,-5.109622970369698,19.0,2,2,1,1,descriptive only
all_drops,10,recent,recovery_30,Consumer Staples,24,17,23,58.333333333333336,0.5877859096173734,3.609207222457067,-12.023043509081695,-16.399320288467923,16.666666666666664,7.165908076862918,-8.621585124526387,0.8860294331474117,-1.0454725529092614,54.166666666666664,4.576422160636717,1.4975966544942043,1.4129288940835982,-6.7248349816016075,30.0,0,0,0,0,small (<30 trades)
all_drops,10,recent,recovery_30,Energy,20,14,17,65.0,1.6340165888503875,5.916044290502198,-10.370462206749298,-16.59323366860329,10.0,7.230993109497941,-8.760368378066499,6.359902493175895,-0.4255218548593433,55.00000000000001,5.805201549257921,8.469247204412733,6.193099560488424,-7.905888359428181,26.5,0,0,0,0,small (<30 trades)
all_drops,10,recent,recovery_30,Financials,94,58,47,54.25531914893617,-0.591287504231101,1.4522352200473376,-14.618451698996143,-29.242875581594696,18.085106382978726,6.88284690894024,-9.455958552411063,2.576182088761547,-0.3902884777642242,60.63829787234043,2.0641813060585656,2.8094038698911583,2.148118156417267,-7.393725486374764,30.0,1,2,1,1,descriptive only
all_drops,10,recent,recovery_30,Health Care,79,45,42,58.22784810126582,1.2904156357694239,1.674905038656127,-15.373775492996659,-22.52112915486587,25.31645569620253,10.245244566659474,-11.192073176986403,0.21829331840970134,0.8555096967623744,50.63291139240506,2.9820693165810153,0.32100613274457235,0.8263349664938247,-7.785651878458411,30.0,1,2,1,1,descriptive only
all_drops,10,recent,recovery_30,Industrials,110,64,52,50.0,-0.6386814138887563,0.3490100182158229,-14.03731879123052,-34.31775258207477,18.181818181818183,7.956597216046292,-9.233960043823803,0.9646921806185254,-1.4655170424632527,50.90909090909091,0.011782329425807814,-1.5053819983218586,2.251078807127538,-7.921258976903034,30.0,1,2,1,1,descriptive only
all_drops,10,recent,recovery_30,Information Technology,203,72,71,67.48768472906403,3.3861729809522667,6.097285890118598,-13.213444333252713,-41.590910241301756,15.763546798029557,10.301452079806975,-10.968269996973413,5.1334679915015835,2.521463129442429,68.96551724137932,7.530064524008528,6.247427652315941,7.508054859048263,-9.221451723291874,18.0,2,2,1,1,descriptive only
all_drops,10,recent,recovery_30,Materials,35,15,26,65.71428571428571,3.344491906940916,6.07175683145591,-12.607984969253248,-15.55535731504214,14.285714285714285,9.7606642189748,-8.953171691124028,6.646978453499264,2.2449349103177374,65.71428571428571,5.899292837997095,6.701408797199704,5.726828844538279,-6.043663471778493,13.0,0,0,1,1,descriptive only
all_drops,10,recent,recovery_30,Real Estate,11,7,10,54.54545454545454,-1.6429868360447406,3.426257255712284,-14.541653693608813,-29.644809867786105,27.27272727272727,8.403992266595415,-13.699361759212925,3.490626991464274,-0.6055067634058434,54.54545454545454,4.511095816641464,3.498324805334818,5.857408708307688,-7.396507749656656,30.0,0,0,0,0,small (<30 trades)
all_drops,10,recent,recovery_30,Utilities,10,4,9,70.0,4.3559973267198515,5.842320081793728,-1.607261106446568,-3.0043582945086356,0.0,6.866771228958963,-1.5024751118380753,4.784396113664979,2.957325691144405,70.0,4.669194684129607,4.142401111264976,5.842320081793728,-5.896791804785412,22.0,0,0,0,0,small (<30 trades)
all_drops,10,recent,recovery_stop_10,Communication Services,42,23,29,61.904761904761905,1.7601285088972058,4.920316319195583,-12.677501619414551,-21.558701686125502,19.047619047619047,9.297024187588457,-10.487326968976078,4.53708517556326,1.5109881800693148,66.66666666666666,4.227404583165328,3.023159699800737,4.920316319195583,-6.8115383983505415,12.0,0,0,1,1,descriptive only
all_drops,10,recent,recovery_stop_10,Consumer Discretionary,69,39,47,62.31884057971014,0.7269957629567375,4.77472183243135,-11.324025806364798,-15.10189792974559,17.391304347826086,6.821721381356275,-9.35274275978096,2.2116983034915494,-0.34849769830150595,56.52173913043478,4.320219256974678,1.734794306739862,3.7888699928833702,-5.109622970369698,13.0,2,2,1,1,descriptive only
all_drops,10,recent,recovery_stop_10,Consumer Staples,24,17,23,45.83333333333333,-1.6770713250748432,-0.5289407531660628,-11.276283020630071,-13.252659251418553,33.33333333333333,6.629881310535914,-8.706031247514714,-2.9374836578193007,-1.908392680248858,45.83333333333333,-0.9587370804100881,-5.246158476332063,-6.081220341998911,-6.7248349816016075,18.0,0,0,0,0,small (<30 trades)
all_drops,10,recent,recovery_stop_10,Energy,20,14,17,65.0,0.4962112517043583,5.916044290502198,-13.082121798816104,-17.784415661160136,30.0,7.230993109497941,-12.011240769912296,6.359902493175895,-0.5112804198240355,55.00000000000001,5.805201549257921,8.469247204412733,6.193099560488424,-7.905888359428181,12.0,0,0,0,0,small (<30 trades)
all_drops,10,recent,recovery_stop_10,Financials,94,58,47,50.0,-1.0927995467193905,-0.07753285815885747,-12.705484886423463,-18.20313682296305,26.595744680851062,6.612156591531175,-8.797755684969955,2.0548204445304696,-0.9341864876926516,56.38297872340425,0.09044449865813764,0.6054570345473631,0.2622885864929203,-7.393725486374764,16.5,1,2,0,1,descriptive only
all_drops,10,recent,recovery_stop_10,Health Care,79,45,42,54.43037974683544,-0.7826794898946438,0.9351181304076972,-12.603783716980843,-20.16383196824174,34.177215189873415,7.597817908133485,-10.792718048650464,-0.9578108711878244,-1.5446528721893342,48.10126582278481,1.078566021066929,-0.9857346693651843,-2.0740197484190537,-7.785651878458411,17.0,1,2,1,1,descriptive only
all_drops,10,recent,recovery_stop_10,Industrials,110,64,52,46.36363636363636,-1.254549341878964,-1.0635058926868224,-12.618448484576135,-21.021035444581425,25.454545454545453,7.8341376160489276,-9.110871966528498,-1.569212436881895,-1.7797811345245866,46.36363636363636,-2.295122024816285,-2.827349450390104,-0.3061849919410886,-7.921258976903034,16.0,1,2,0,1,descriptive only
all_drops,10,recent,recovery_stop_10,Information Technology,203,72,71,54.187192118226605,0.5185806094030253,4.110715733143899,-14.558970240521795,-25.941999364561497,33.004926108374384,10.877402631356265,-11.733789524090058,2.7354865764170455,0.19097659689606353,55.66502463054187,6.007043935103962,4.661962515956519,5.893236939989954,-9.221451723291874,8.0,2,2,1,1,descriptive only
all_drops,10,recent,recovery_stop_10,Materials,35,15,26,60.0,1.9971290353581346,5.989552166389034,-13.032122861384387,-14.312215382918714,22.857142857142858,9.869114681733421,-9.810849434204796,6.6424144410193176,1.4290907606696834,60.0,2.3761580181592024,1.5805054335119362,4.078110388014555,-6.043663471778493,9.0,0,0,1,1,descriptive only
all_drops,10,recent,recovery_stop_10,Real Estate,11,7,10,54.54545454545454,0.2233250817040239,3.426257255712284,-11.380188859152717,-15.567321674931945,18.181818181818183,8.403992266595415,-9.593475540165645,3.490626991464274,-0.015581856828545314,54.54545454545454,4.511095816641464,3.498324805334818,5.857408708307688,-7.396507749656656,14.0,0,0,0,0,small (<30 trades)
all_drops,10,recent,recovery_stop_10,Utilities,10,4,9,60.0,0.5873549672466251,2.991305255090415,-10.99078551742141,-12.887894665423993,20.0,6.748887250400126,-8.654943457483627,0.8016938654175965,-0.9655666743122115,50.0,4.669194684129607,3.2338713099675287,5.842320081793728,-5.896791804785412,10.0,0,0,0,0,small (<30 trades)
all_drops,10,recent,trailing_close_10,Communication Services,42,23,29,45.23809523809524,0.37281591196268693,-3.567328026812866,-14.343403405489079,-21.558701686125502,19.047619047619047,12.33010389863167,-9.504943729198645,-1.633812860828832,-0.32144228830390764,45.23809523809524,-6.719352265303913,-4.764132667370757,-6.825737673988019,-8.34177776721563,21.5,0,0,0,1,descriptive only
all_drops,10,recent,trailing_close_10,Consumer Discretionary,69,39,47,43.47826086956522,0.9290165030314368,-2.2641533679252923,-10.38298426890833,-13.321946558521313,11.594202898550725,11.504615543485023,-7.206059681932863,-4.457212155687195,-1.154332886842612,36.231884057971016,-2.0689678214761753,-4.216839161345954,-2.58925819728949,-6.171335769386932,22.0,0,2,0,1,descriptive only
all_drops,10,recent,trailing_close_10,Consumer Staples,24,17,23,45.83333333333333,-0.36385982816635387,-0.6514978996793153,-11.166971032910881,-12.508925233827439,29.166666666666668,8.437835442896107,-7.811448134449974,-3.8043815968208436,-0.8280431795719561,41.66666666666667,-0.9587370804100881,-5.246158476332063,-3.9846594047590944,-4.4044822499818945,30.0,0,0,0,0,small (<30 trades)
all_drops,10,recent,trailing_close_10,Energy,20,14,17,50.0,2.4737488654436808,2.5685528240725395,-10.469622949359461,-17.784415661160136,25.0,13.067777853752029,-8.120280122864667,-0.38335838854658966,0.3327165469009044,50.0,5.805201549257921,4.400118791867769,5.84020675582212,-6.868786365510598,29.5,0,0,0,0,small (<30 trades)
all_drops,10,recent,trailing_close_10,Financials,94,58,47,39.361702127659576,-1.1992807050787233,-3.164982502218078,-11.656877778614733,-18.20313682296305,20.212765957446805,9.395108705006141,-8.07634049758995,-2.8774246892137594,-1.6566505255104906,38.297872340425535,-1.504020311422627,-2.87161817337922,-1.3836911834476773,-7.393725486374764,23.5,1,2,0,1,descriptive only
all_drops,10,recent,trailing_close_10,Health Care,79,45,42,45.56962025316456,0.3113311066481464,-2.480086596845521,-10.929717284014238,-17.24040510142254,17.72151898734177,10.650676519574338,-8.34486505301099,-4.05827459588003,-0.8731718737528986,41.77215189873418,-1.69540998070965,-3.722098975551327,-5.450987328061657,-7.354577642893267,28.0,1,2,0,1,descriptive only
all_drops,10,recent,trailing_close_10,Industrials,110,64,52,31.818181818181817,-2.268654893040639,-5.186495039143113,-11.731212106752478,-21.021035444581425,19.090909090909093,9.591584654459798,-7.803433348540842,-5.278810619674196,-3.0867027644964864,30.0,-4.920208200245169,-5.12148051457117,-4.9423099159725705,-7.482042577098941,21.5,0,2,0,1,descriptive only
all_drops,10,recent,trailing_close_10,Information Technology,203,72,71,43.34975369458128,2.947152469541184,-3.9773796173984577,-13.750260287786427,-25.941999364561497,29.064039408866993,19.7868316146785,-9.938862876303025,-3.4330318492078904,2.1897295469703764,44.827586206896555,3.165368618660036,1.4675898040665598,1.589847476624895,-8.494757419584154,14.0,0,2,0,1,descriptive only
all_drops,10,recent,trailing_close_10,Materials,35,15,26,42.857142857142854,1.1688006418833286,-2.540199356475159,-10.24376504792115,-13.837835471301595,11.428571428571429,12.783476213447093,-7.542206036789496,-3.3684750463022772,-0.2131447587983319,40.0,-3.5583986222785082,-3.8769018746511676,-4.596062165682413,-6.043663471778493,21.0,0,0,0,1,descriptive only
all_drops,10,recent,trailing_close_10,Real Estate,11,7,10,36.36363636363637,-1.295118941063476,-5.617021989484461,-11.380188859152717,-15.567321674931945,18.181818181818183,11.020618368976942,-8.33268311822943,-6.012634254230032,-2.8188920720914457,36.36363636363637,-5.248243128411967,-6.097963097742376,3.426257255712284,-7.737569873492212,19.0,0,0,0,0,small (<30 trades)
all_drops,10,recent,trailing_close_10,Utilities,10,4,9,40.0,-0.8142830957757518,-2.8301184060826987,-10.99078551742141,-12.887894665423993,20.0,8.49572244745909,-7.020953457932315,-2.9741429957122256,-2.069022662191963,20.0,-2.7515098537825633,-1.7362651549900354,-2.8301184060826987,-6.49302722286832,13.0,0,0,0,0,small (<30 trades)
all_drops,25,older,hold_20,Communication Services,77,24,49,58.44155844155844,3.8107496508306844,1.3741917679844562,-12.620429389330274,-39.311494119440596,15.584415584415584,13.507911132433673,-9.82588368267352,0.4876236962733982,2.6160838967380187,50.649350649350644,1.4294984905013575,1.0197453200402116,1.3049369739385863,-6.826838558452975,20.0,0,0,1,1,descriptive only
all_drops,25,older,hold_20,Consumer Discretionary,131,43,73,57.25190839694656,2.1289733610638666,2.1583543215274226,-12.564654284855592,-25.179585128088867,15.267175572519085,10.121131481181072,-8.574809835521673,0.21570922048721464,1.0406796463458396,50.38167938931297,1.329987016697115,-0.17133286658332914,0.6558088147957886,-6.967389742853025,20.0,1,2,1,1,descriptive only
all_drops,25,older,hold_20,Consumer Staples,58,29,40,60.3448275862069,1.0116883250795423,1.4499366986510664,-10.919631295124582,-16.080603859478803,12.068965517241379,6.136077075626837,-6.78629455618808,-0.018634563617497824,-1.5422703590557583,50.0,0.6697458074866325,0.20186207027864134,0.45126093527501077,-4.636746251229601,20.0,0,0,1,1,descriptive only
all_drops,25,older,hold_20,Energy,63,21,31,60.317460317460316,2.4793020862871615,2.492142745089554,-9.022631928103534,-26.84987713531527,6.349206349206349,8.808059991207381,-7.140409929191572,0.006704674173896308,-0.010353853704812208,50.79365079365079,1.5657883245746351,0.006704674173896308,2.3761777210233537,-4.638708704178618,20.0,0,0,1,1,descriptive only
all_drops,25,older,hold_20,Financials,174,76,54,64.36781609195403,3.0998118875688965,3.219455315441433,-9.13520758207238,-26.985506530702942,8.620689655172415,8.478701029505048,-6.616891078509315,-0.36733048713972716,-0.6593116930288491,45.97701149425287,0.23827975043568816,-0.8005447282767642,-0.851694543437076,-5.630423183288991,20.0,1,2,1,1,descriptive only
all_drops,25,older,hold_20,Health Care,162,56,88,56.79012345679012,1.1134831897509287,1.5013454034059515,-11.730685159941963,-35.492622662646056,12.962962962962962,8.042604293563357,-7.993361689545407,-1.2408064613904424,-1.7531111253126759,45.06172839506173,0.44857532536922706,-0.5214499914107218,0.9431406602541159,-5.307240969412636,20.0,2,2,1,1,descriptive only
all_drops,25,older,hold_20,Industrials,205,80,84,56.09756097560976,2.5214878312044697,1.7105503516577025,-10.334792469755458,-24.220871159336397,11.707317073170733,9.663518153372001,-6.604439802676264,-0.3651224458990576,0.4770698805626056,48.78048780487805,-0.4494482336747485,-0.538379671351289,-0.727601549911655,-6.180986605684424,20.0,2,4,1,1,descriptive only
all_drops,25,older,hold_20,Information Technology,286,73,111,54.89510489510489,3.4762660715753606,2.0440077228444875,-12.153807270787642,-33.46114801491845,15.734265734265735,13.452011565817571,-8.664757514440357,-0.2587124892929884,1.7068432665517947,49.3006993006993,-1.3748802832870388,-1.300428745596205,-0.9076696905638559,-6.968151483449575,20.0,3,5,1,1,descriptive only
all_drops,25,older,hold_20,Materials,73,23,47,58.9041095890411,3.016620917729197,1.3878748094059645,-9.095174587989934,-18.438057699353504,8.21917808219178,9.4854789300319,-6.255408899904674,-0.04887871338481453,0.9522953361136969,49.31506849315068,0.07396638205967587,-0.02111425584820359,0.07396638205967587,-5.091078935077076,20.0,0,0,1,1,descriptive only
all_drops,25,older,hold_20,Real Estate,48,26,21,70.83333333333334,2.9050881018960664,4.422228550271001,-7.949358496455361,-15.730753774277117,6.25,6.766109637217934,-6.471678483885611,-1.5485247111699403,-1.886026787014748,37.5,2.754062814928915,-0.29501363774133704,1.1293994284894304,-5.634114142334451,20.0,0,0,1,1,descriptive only
all_drops,25,older,hold_20,Utilities,46,19,26,63.04347826086957,1.8550626519663382,2.9506973197532815,-8.624569141233184,-27.909003676035926,6.521739130434782,6.77281017941406,-6.534036071326834,-1.2104862962019791,-2.414066658346472,43.47826086956522,1.80318701510499,0.9453654330865424,2.610123057095548,-4.474134320717144,20.0,0,0,1,1,descriptive only
all_drops,25,older,hold_30,Communication Services,77,24,49,51.94805194805194,6.833224661417485,1.1895668497333034,-15.345845931347238,-44.12472044789876,20.77922077922078,23.12916582567117,-10.78400902966758,-0.8291529435545564,4.871062769057797,49.35064935064935,1.1895668497333034,0.35241370029161967,-0.012257056791886711,-7.800793301013664,30.0,0,0,1,1,descriptive only
all_drops,25,older,hold_30,Consumer Discretionary,131,43,73,60.30534351145038,4.14117355076978,3.692033454270449,-16.61151608159088,-37.03264497366854,16.030534351145036,14.452927717506105,-11.524760664079633,0.4150734545870671,1.8950355557742633,51.908396946564885,2.1075117718464655,0.6109574940569455,1.1664492322768671,-7.461389961389953,30.0,1,2,1,1,descriptive only
all_drops,25,older,hold_30,Consumer Staples,58,29,40,51.724137931034484,2.3903689337295178,0.5495992236952296,-6.351700121795972,-18.75177827243969,6.896551724137931,9.326607357083661,-5.0413150912927795,-1.9744476180539206,-0.8788780627975751,44.827586206896555,-0.2700107977085642,-1.2809311892987174,0.5495992236952296,-4.817494548016782,30.0,0,0,1,1,descriptive only
all_drops,25,older,hold_30,Energy,63,21,31,52.38095238095239,3.0548295179451785,0.15252777148040408,-7.759195399666616,-27.865550749517297,7.936507936507936,11.362696862558513,-6.0838245611294886,0.6757643512994793,-0.2897853159281405,50.79365079365079,-0.2545203009908237,-2.3357516126061406,-0.0935882045394465,-6.151689767948909,30.0,0,0,1,1,descriptive only
all_drops,25,older,hold_30,Financials,174,76,54,64.9425287356322,5.533224349719232,3.7988710647243518,-11.145738921169805,-33.35623408042533,13.793103448275861,13.39724642621074,-9.034554250994544,-0.4417459859314068,-0.2812430640550724,48.85057471264368,0.8227339552539237,-0.294975685004939,-1.4220557483494822,-5.919511977656805,30.0,1,2,1,1,descriptive only
all_drops,25,older,hold_30,Health Care,162,56,88,56.79012345679012,1.093257482892036,1.6952999301516058,-13.724060090714435,-32.64274313527128,14.814814814814813,8.62007037119484,-8.799125170305933,-1.9607801060045116,-2.980015121135124,41.358024691358025,0.6341320199887146,-1.070957123230587,0.4217556715323756,-6.2698193334806245,30.0,2,2,1,1,descriptive only
all_drops,25,older,hold_30,Industrials,205,80,84,59.02439024390244,4.19105039727494,2.4753373114774435,-12.383284566871684,-41.54282757814638,13.170731707317074,13.114541291846468,-8.66302577228643,-0.9969325199215895,0.691292699433612,45.85365853658537,-0.24639833946105694,-1.3181252937049228,-0.0441342856075666,-6.8407795306907,30.0,3,4,1,1,descriptive only
all_drops,25,older,hold_30,Information Technology,286,73,111,55.59440559440559,4.415721493285843,2.1722494412485416,-18.688437744183716,-44.95322339551714,23.776223776223777,17.940808021605417,-12.517260853192992,0.2982837081160872,2.0618343212267467,51.048951048951054,-0.49144654434870594,-0.7818260151478795,-0.6653225308227984,-8.09366239556088,30.0,3,5,1,1,descriptive only
all_drops,25,older,hold_30,Materials,73,23,47,49.31506849315068,3.000520480277352,-0.14978919313825,-13.85458801031358,-22.02954258565847,15.068493150684931,13.8272677677932,-7.533612015684014,-1.8251094078787333,-0.31173254365191333,39.726027397260275,-2.0970374839098915,-1.755706450085087,-2.0970374839098915,-5.898268398268403,30.0,0,0,0,1,descriptive only
all_drops,25,older,hold_30,Real Estate,48,26,21,62.5,2.6324334617685192,5.0348072181480745,-10.638071860132403,-25.662486365165872,14.583333333333334,9.398249524237293,-8.643926642346107,-3.7345668842653996,-4.5254624638656775,31.25,0.7233627255936126,-2.2405073538424247,-0.5169570647720167,-7.338023981199287,30.0,0,0,1,1,descriptive only
all_drops,25,older,hold_30,Utilities,46,19,26,65.21739130434783,5.28139446751226,4.281584978755982,-11.525284704204614,-26.17810630374735,13.043478260869565,13.746721692836951,-10.59109407997154,-2.6056869457463714,0.009214167264862055,43.47826086956522,2.209174189082874,-0.07632786766260669,4.13285284307282,-6.594417829215049,30.0,0,0,1,1,descriptive only
all_drops,25,older,recovery_30,Communication Services,77,24,49,63.63636363636363,3.5607601521468784,5.541211194936624,-14.302469306374242,-44.12472044789876,16.883116883116884,12.083179836863854,-11.35347429610783,2.218814831280813,2.686250303416993,62.33766233766234,5.823246955615358,3.6921468621739284,5.413218777872841,-6.907230375656381,28.0,0,0,1,1,descriptive only
all_drops,25,older,recovery_30,Consumer Discretionary,131,43,73,66.41221374045801,2.5125673396306154,5.91913442570382,-16.385035983507702,-37.03264497366854,15.267175572519085,9.90444738219379,-12.103195471801117,2.8940755180940743,1.1995316169377408,62.59541984732825,3.028137337583181,2.1327207058029813,4.984782532646337,-6.744647743735577,25.0,1,2,1,1,descriptive only
all_drops,25,older,recovery_30,Consumer Staples,58,29,40,60.3448275862069,2.5541553611583527,4.258789420844645,-6.351700121795972,-18.75177827243969,6.896551724137931,7.862479947483217,-5.523729878901222,2.2357006396864776,0.5248084738419663,62.06896551724138,2.613620353653273,1.8077115814670335,2.6930340015002274,-4.736540001072531,30.0,0,0,1,1,descriptive only
all_drops,25,older,recovery_30,Energy,63,21,31,61.904761904761905,3.2646592948002553,5.666719759229211,-6.721710992771599,-27.865550749517297,6.349206349206349,9.00060709789326,-6.056255885225874,3.3961278178844756,0.18606325791611897,60.317460317460316,4.119428921836321,3.3642705070126233,5.723571393159743,-4.958261370178474,27.0,0,0,1,1,descriptive only
all_drops,25,older,recovery_30,Financials,174,76,54,72.41379310344827,3.699305701596485,5.265380844232914,-9.775593296825388,-33.35623408042533,9.770114942528735,8.600497750323287,-9.16632342631137,1.3141031295218095,-0.7385313931086267,57.47126436781609,3.4746220363989666,1.695125003077963,1.5109317814136602,-5.503039309694296,27.5,1,2,1,1,descriptive only
all_drops,25,older,recovery_30,Health Care,162,56,88,61.111111111111114,0.9493282495726423,3.5659544154189704,-13.017546610675852,-32.64274313527128,14.19753086419753,7.352298630078072,-9.11248234836446,0.3594133570551499,-2.0842044472251744,50.0,2.205348650556793,1.3188452757557647,2.520892957762211,-5.5067689001758175,30.0,2,2,1,1,descriptive only
all_drops,25,older,recovery_30,Industrials,205,80,84,66.34146341463415,2.4547367784173164,5.234263228461211,-12.383284566871684,-41.54282757814638,13.170731707317074,8.64482256901333,-9.746012026235698,1.34754150142129,0.4722383872367756,53.170731707317074,1.212782460757167,1.0352150943543081,1.797463981040348,-6.432748538011701,30.0,3,4,1,1,descriptive only
all_drops,25,older,recovery_30,Information Technology,286,73,111,66.43356643356644,2.1879028504650915,5.805243408315308,-17.706367588634677,-44.95322339551714,19.230769230769234,10.088116328351045,-13.447936324517526,3.4060913244045805,0.9990971343631334,60.83916083916085,3.0629924985678736,1.9377734343225765,3.5310671767861734,-6.828590705762672,23.0,4,5,1,1,descriptive only
all_drops,25,older,recovery_30,Materials,73,23,47,64.38356164383562,2.4218533246235756,4.803456531588712,-7.97538284414023,-21.316033830660462,6.8493150684931505,7.294145992528116,-6.385752651973096,1.979108603680424,0.2069968778792395,56.16438356164384,2.147426312328027,1.264520878047981,1.976988807601865,-5.133203378817419,30.0,0,0,1,1,descriptive only
all_drops,25,older,recovery_30,Real Estate,48,26,21,64.58333333333334,1.4844315823141307,5.416905333130617,-10.638071860132403,-25.662486365165872,14.583333333333334,7.269110532274963,-9.064100620555623,-2.2521765510271186,-3.6535093345782683,37.5,1.1008231988675343,-1.592591640728025,0.595208804416969,-7.338023981199287,30.0,0,0,1,1,descriptive only
all_drops,25,older,recovery_30,Utilities,46,19,26,73.91304347826086,3.366951353654771,6.705855446336118,-10.959077437365178,-26.17810630374735,10.869565217391305,8.750059097381245,-11.885187253570235,1.5530408127413464,-0.7230854314610925,54.347826086956516,4.7109056307327535,3.4456615367122687,6.705855446336118,-5.696508219415158,27.5,0,0,1,1,descriptive only
all_drops,25,older,recovery_stop_10,Communication Services,77,24,49,59.74025974025974,2.99060766617886,5.1385941573549365,-13.602408124330188,-18.03722369873928,27.27272727272727,11.905620398860474,-10.238120904897087,1.4964413990206205,2.1478150183263796,58.44155844155844,4.714235368054909,2.218814831280813,4.189092108718651,-6.907230375656381,16.0,0,0,1,1,descriptive only
all_drops,25,older,recovery_stop_10,Consumer Discretionary,131,43,73,63.358778625954194,2.664028972032955,5.656962570435153,-12.746100214928157,-23.05054671014769,20.610687022900763,10.019569823371995,-10.054927083407467,2.046581232931799,1.2966692909373692,57.25190839694656,2.959006224121569,1.1546572610823649,4.534051030898167,-6.744647743735577,18.0,1,2,1,1,descriptive only
all_drops,25,older,recovery_stop_10,Consumer Staples,58,29,40,60.3448275862069,2.5355205828444167,4.258789420844645,-10.216022820164572,-12.559193892695076,12.068965517241379,7.862479947483217,-5.570721928562454,1.9060442518880838,0.755148228021838,60.3448275862069,2.613620353653273,1.4102923334009092,2.6930340015002274,-4.736540001072531,22.0,0,0,1,1,descriptive only
all_drops,25,older,recovery_stop_10,Energy,63,21,31,58.730158730158735,2.4445718137083134,5.666719759229211,-11.662097273714869,-21.47309160163764,15.873015873015872,9.356656985762587,-7.391857084984303,3.3961278178844756,1.1353096903532418,60.317460317460316,4.119428921836321,3.3642705070126233,5.723571393159743,-4.958261370178474,14.0,0,0,1,1,descriptive only
all_drops,25,older,recovery_stop_10,Financials,174,76,54,71.26436781609196,3.3450112377487966,5.038591887152533,-11.987147086167951,-19.638813869882064,17.24137931034483,8.550572748249229,-9.564781308292272,1.0122191225057087,-0.808339409241765,55.172413793103445,3.027998389749753,0.9738938749815573,1.3447586053345617,-5.503039309694296,21.0,1,2,1,1,descriptive only
all_drops,25,older,recovery_stop_10,Health Care,162,56,88,59.876543209876544,0.45593839543724723,3.193501696951051,-12.260388883173531,-33.35490373157758,22.839506172839506,7.38696203833376,-9.887281502423702,-0.823039226010807,-2.292885745445697,46.913580246913575,1.7055848352355296,-0.8033840592776036,2.353305723785759,-5.5067689001758175,19.0,2,2,1,1,descriptive only
all_drops,25,older,recovery_stop_10,Industrials,205,80,84,63.90243902439025,2.021223226468342,4.4386329524188195,-12.473337894648253,-22.931208470989127,20.48780487804878,8.507897029182816,-9.461942559418091,0.8398280226316164,0.24454485417824132,51.21951219512195,0.4176492592861153,0.6583218110171429,1.3847223140877385,-6.432748538011701,20.0,3,4,1,1,descriptive only
all_drops,25,older,recovery_stop_10,Information Technology,286,73,111,62.23776223776224,2.1365582291578575,5.280519061118638,-13.258778861044329,-27.23578789725416,24.825174825174827,10.087427189169459,-10.967651723453855,2.6775758122882354,1.0298578706477002,57.34265734265735,2.5566239041571404,0.8219903048981907,2.5964839494965863,-6.828590705762672,15.5,4,5,1,1,descriptive only
all_drops,25,older,recovery_stop_10,Materials,73,23,47,60.273972602739725,1.0855799160808604,4.780091812510778,-11.938414746818104,-16.962470990154653,20.54794520547945,7.566633323623619,-8.747742495363326,1.5783236891128372,-0.35112976631454196,54.794520547945204,1.978101955411904,0.6982389006199741,1.2704925475963025,-5.133203378817419,16.0,0,0,1,1,descriptive only
all_drops,25,older,recovery_stop_10,Real Estate,48,26,21,64.58333333333334,1.636853209337108,5.416905333130617,-11.820446104277417,-14.74526098887754,16.666666666666664,7.269110532274963,-8.633733673667214,-2.035371465644853,-2.7836362323451365,37.5,1.1008231988675343,-1.4268263318414856,0.595208804416969,-7.338023981199287,24.0,0,0,1,1,descriptive only
all_drops,25,older,recovery_stop_10,Utilities,46,19,26,69.56521739130434,2.836135016541354,6.184835449824833,-12.177632776814734,-17.484416988566398,15.217391304347828,8.500675867572298,-10.111386928672234,-0.18571673038481107,-0.9985490039192861,50.0,2.403110300547062,1.5530408127413464,6.184835449824833,-5.696508219415158,23.0,0,0,1,1,descriptive only
all_drops,25,older,trailing_close_10,Communication Services,77,24,49,49.35064935064935,5.17666949942028,-0.012257056791886711,-12.808203449758606,-17.359771988842965,24.675324675324674,19.327609782470272,-8.611426160987403,-1.2210826443944112,3.869103053524441,48.05194805194805,0.034887193122101756,-0.21621998913279317,-0.32334325051188717,-6.564429598137456,25.0,0,0,0,1,descriptive only
all_drops,25,older,trailing_close_10,Consumer Discretionary,131,43,73,54.19847328244275,2.26825606213188,1.1504223733859176,-12.285234741358453,-23.05054671014769,20.610687022900763,12.01201404970558,-9.261857556497,-1.947103740943735,0.6151144236440287,43.51145038167939,0.319912596681065,-1.491978366910507,-0.6748331873020152,-6.982718355908457,30.0,1,2,1,1,descriptive only
all_drops,25,older,trailing_close_10,Consumer Staples,58,29,40,50.0,2.0433339184936186,0.16238311261419502,-9.08665713832222,-11.591433695599617,8.620689655172415,9.310084304138112,-5.223416467150875,-2.1613322645354094,-1.027416660117768,41.37931034482759,-0.8129222445636297,-1.7510923854652027,0.16238311261419502,-4.736540001072531,30.0,0,0,1,1,descriptive only
all_drops,25,older,trailing_close_10,Energy,63,21,31,49.2063492063492,1.8332988559112366,-0.04074967931149143,-11.662097273714869,-16.371743118601458,14.285714285714285,11.177976649150366,-7.219357756289172,-2.0180982489377497,0.2705583656801366,47.61904761904761,-1.0269907200460948,-3.321132824155837,-0.21474777619306384,-5.268490374873358,30.0,0,0,0,1,descriptive only
all_drops,25,older,trailing_close_10,Financials,174,76,54,62.643678160919535,4.372657350497055,3.2100268567858747,-11.837809792627887,-19.638813869882064,17.81609195402299,12.183845099933754,-8.726103644712184,-1.686005457150879,-0.796483590940619,45.97701149425287,0.2829275967893369,-0.7076148249610954,-1.9279689425222957,-5.68010488472408,30.0,1,2,1,1,descriptive only
all_drops,25,older,trailing_close_10,Health Care,162,56,88,51.85185185185185,0.4252266485901589,0.4850470237074411,-11.726810589558818,-33.35490373157758,20.37037037037037,8.75238257445198,-8.542479733107188,-2.9279791999267006,-2.9139560423837874,39.50617283950617,-1.2404592617465127,-2.072783743569129,0.07774500659456507,-5.317397261341955,30.0,2,2,1,1,descriptive only
all_drops,25,older,trailing_close_10,Industrials,205,80,84,55.1219512195122,3.461732306248004,1.6298389931212354,-11.073277687707197,-22.931208470989127,16.097560975609756,12.868790230271358,-8.092588839563293,-1.983173034219421,0.3169646888357305,41.951219512195124,-0.9290111466856737,-2.355784154900028,-1.246557894542527,-6.633435582822078,30.0,2,4,1,1,descriptive only
all_drops,25,older,trailing_close_10,Information Technology,286,73,111,50.6993006993007,2.9704428277858965,0.1965719199888638,-11.997009775359313,-27.23578789725416,20.27972027972028,14.473111622671219,-8.858542812344398,-0.7391815546005542,1.0215428545529295,47.2027972027972,-1.5438147985281092,-2.346294591108955,-1.63155993569003,-6.916236408153765,25.0,3,5,1,1,descriptive only
all_drops,25,older,trailing_close_10,Materials,73,23,47,45.20547945205479,1.7015868827489264,-1.4698759640036974,-11.941216807442641,-16.962470990154653,21.91780821917808,13.396638762374154,-7.946830917941886,-2.261213879802426,-0.7814560699351529,41.0958904109589,-3.385726919632659,-2.051028448265635,-3.385726919632659,-5.76956000684814,30.0,0,0,0,1,descriptive only
all_drops,25,older,trailing_close_10,Real Estate,48,26,21,62.5,3.0218855841705103,5.0348072181480745,-10.09091111722096,-14.74526098887754,12.5,9.398249524237293,-7.6053876492741335,-3.7345668842653996,-3.524299321730235,29.166666666666668,0.7233627255936126,-1.592591640728025,-0.5169570647720167,-7.2131702829134055,30.0,0,0,1,1,descriptive only
all_drops,25,older,trailing_close_10,Utilities,46,19,26,63.04347826086957,3.770283377580167,3.2911690114515224,-11.025271107664143,-17.484416988566398,13.043478260869565,10.799001318378409,-8.219882521428602,-2.8362038952433775,-0.966528785693632,41.30434782608695,-1.2020620569125953,-1.8311314041384863,3.0965588553861223,-5.696508219415158,30.0,0,0,1,1,descriptive only
all_drops,25,recent,hold_20,Communication Services,42,23,29,52.38095238095239,-0.005801017404576138,0.3891287951681921,-18.16296696815408,-39.67463069403993,19.047619047619047,10.579702620093043,-11.649855018651957,-0.3577582079992925,-1.1245654969087335,47.61904761904761,-1.915004755854155,-0.2140597881833406,0.3891287951681921,-8.510534394808538,20.0,0,0,1,1,descriptive only
all_drops,25,recent,hold_20,Consumer Discretionary,69,39,47,52.17391304347826,0.8186350265606525,0.8455451169421258,-12.74708348896134,-21.93135733191962,15.942028985507244,9.091013774200896,-8.205778152683246,-1.5122998057294113,-0.7497535796542328,46.3768115942029,0.7812427392750454,-1.5122998057294113,0.2895911894590597,-6.831491712707183,20.0,1,2,1,1,descriptive only
all_drops,25,recent,hold_20,Consumer Staples,24,17,23,45.83333333333333,-1.5444314057018873,-1.1925507200677643,-13.488821325137046,-16.278207143461078,20.833333333333336,5.726363546134127,-7.696642518793898,-2.6772559946933008,-1.6613048966063504,37.5,-2.2889971941073117,-3.25569427002389,-3.4730701328706983,-4.769561321127408,20.0,0,0,0,0,small (<30 trades)
all_drops,25,recent,hold_20,Energy,20,14,17,65.0,1.9556718918139935,1.805949886736824,-9.08519227967123,-17.166019318814385,10.0,7.68146981395711,-8.677952820737508,0.8090181397728546,0.08984640987720346,55.00000000000001,2.777253215360287,1.356525241089812,1.805949886736824,-6.868786365510598,20.0,0,0,0,0,small (<30 trades)
all_drops,25,recent,hold_20,Financials,94,58,47,38.297872340425535,-1.797824043344262,-2.7063272434588392,-14.540298224193613,-31.967102810954973,19.148936170212767,8.800918280137669,-8.376353761367533,-1.362932098269093,-1.6607619417401014,43.61702127659575,-2.075083085323437,-2.1982117632191933,-2.1338158524767,-7.393725486374764,20.0,0,2,0,1,descriptive only
all_drops,25,recent,hold_20,Health Care,79,45,42,48.10126582278481,-0.4726927649346528,-0.1468388446829394,-11.794168936035758,-24.190810411293896,20.253164556962027,7.307452531637381,-7.683559137367269,-1.650114699872951,-1.8219092751572301,44.303797468354425,-0.06459889837552302,-2.6495838267557525,-1.6694414022722204,-6.904461520816607,20.0,1,2,0,1,descriptive only
all_drops,25,recent,hold_20,Industrials,110,64,52,46.36363636363636,-0.3885109345439375,-1.0274261478617652,-12.303773911561771,-27.87224398667473,15.454545454545453,8.501216974052067,-8.072852008076078,-0.2764843299011277,-1.2716429940526464,46.36363636363636,-1.6500440659197257,-1.3296533257901921,-1.127107302571101,-7.211275510369875,20.0,1,2,0,1,descriptive only
all_drops,25,recent,hold_20,Information Technology,203,72,71,53.20197044334976,4.817642783523817,1.7172302546470064,-16.28538522074826,-35.28981553486159,22.167487684729064,18.36681515589372,-10.5856268608546,1.548284666892119,3.6443666611953627,53.69458128078818,3.134422301062845,3.345301162261749,4.7800782981488155,-10.725394891632444,20.0,2,2,1,1,descriptive only
all_drops,25,recent,hold_20,Materials,35,15,26,51.42857142857142,2.0774444296557175,0.5088544461630873,-10.965879716046347,-18.369293329612567,14.285714285714285,11.205462268118985,-7.587515634599508,-0.18339910232563206,0.8867176537555657,48.57142857142857,-0.3634142597067347,-0.7410396424876287,-1.272983005946282,-8.102908125042575,20.0,0,0,1,1,descriptive only
all_drops,25,recent,hold_20,Real Estate,11,7,10,45.45454545454545,-2.5830955230463517,-0.331273928513276,-15.470727569790244,-28.2317715164343,27.27272727272727,8.090406501935211,-11.477680543864322,1.1716426175239714,-3.177123701231636,54.54545454545454,0.3713104565807701,1.3862642807602743,3.483639341904232,-7.737569873492212,20.0,0,0,0,0,small (<30 trades)
all_drops,25,recent,hold_20,Utilities,10,4,9,50.0,0.5633394446462114,-0.7756795279179107,-10.059865688263962,-10.61038812780194,10.0,7.390096012287356,-6.263417122994932,-0.3974577033976079,0.44797456573343963,50.0,-1.5763839498726173,-1.1381530152216435,-4.565808504492402,-9.432672750857124,20.0,0,0,0,0,small (<30 trades)
all_drops,25,recent,hold_30,Communication Services,42,23,29,50.0,0.673899744988844,0.5896231119485507,-19.182263214358457,-36.441449899037124,26.190476190476193,13.4956470014809,-12.147847511503212,-0.5597173474602704,-0.5792756327377402,47.61904761904761,-0.7047887598590319,-0.8725836908186402,-0.4172275570489936,-10.114817626217725,30.0,0,0,1,1,descriptive only
all_drops,25,recent,hold_30,Consumer Discretionary,69,39,47,52.17391304347826,1.1823083502760856,0.16958634049606403,-11.540538623424283,-32.808824633536695,17.391304347826086,10.452241226150916,-8.930345696132822,-2.8654432459475077,-1.0322015636098687,44.927536231884055,-1.5508773191502068,-2.720584136396248,-1.6736925918590662,-7.560270009643199,30.0,1,2,1,1,descriptive only
all_drops,25,recent,hold_30,Consumer Staples,24,17,23,54.166666666666664,1.291739007393741,4.0480578775952125,-12.286579733059042,-16.64974731313309,16.666666666666664,9.373527256826227,-8.259465287390105,0.43309267446765554,-0.02965103339752582,50.0,2.3345267370814993,-0.6269252334883402,-0.685826640593995,-6.7248349816016075,30.0,0,0,0,0,small (<30 trades)
all_drops,25,recent,hold_30,Energy,20,14,17,60.0,3.6207913663320164,5.523160911706226,-10.638948761513289,-16.8430798229813,15.0,11.56515871948841,-8.295759663402578,3.141257619499094,0.7510228291846426,55.00000000000001,5.558061259676483,5.996377544396746,6.183247642127543,-7.905888359428181,30.0,0,0,0,0,small (<30 trades)
all_drops,25,recent,hold_30,Financials,94,58,47,46.808510638297875,-0.8075134492601249,-0.5849400070100541,-14.87421334084049,-29.454829553776563,21.27659574468085,8.792823178264577,-9.255809681481862,0.19326072573273034,-0.753883686232463,50.0,0.13328080198353742,-0.17871268695597298,-0.18205922660823326,-9.429563887799958,30.0,1,2,0,1,descriptive only
all_drops,25,recent,hold_30,Health Care,79,45,42,51.89873417721519,2.0679606964839796,0.34910587918886016,-15.627274551677298,-22.753218214035176,29.11392405063291,13.721816453977551,-10.505936305022244,-1.2527526177031447,1.4251152480060847,45.56962025316456,0.7757837394704037,-1.1316873284472613,-2.288478186709714,-8.807457409193177,30.0,1,2,1,1,descriptive only
all_drops,25,recent,hold_30,Industrials,110,64,52,40.909090909090914,-1.0340393554441358,-2.106182165875481,-14.377630181820807,-34.51450468804983,21.818181818181817,10.678973317499436,-9.143048129020453,-2.3212136455109498,-2.0242228317470765,41.81818181818181,-1.5795741127183793,-2.4971879642389165,-1.3797266902703997,-8.454946034182388,30.0,0,2,0,1,descriptive only
all_drops,25,recent,hold_30,Information Technology,203,72,71,55.172413793103445,8.7930718768997,2.0321785069007836,-16.941348854061854,-41.76587550010279,21.182266009852217,24.928181827781042,-11.065524985723487,3.8097507899516714,7.266337721029182,56.65024630541872,8.246226634249677,7.342927749442495,7.777488793354048,-11.733800350262701,30.0,2,2,1,1,descriptive only
all_drops,25,recent,hold_30,Materials,35,15,26,40.0,0.36006033528480974,-2.956893480584266,-13.45941653936916,-25.06126719274465,22.857142857142858,13.151231827327138,-8.167387326076746,-2.0103403042561534,-1.0934222264574007,37.142857142857146,-3.072131822922647,-3.4943180556178843,-3.4245121025102576,-10.594315245478036,30.0,0,0,0,1,descriptive only
all_drops,25,recent,hold_30,Real Estate,11,7,10,45.45454545454545,-2.5432021785199512,-4.450700257300266,-14.79764538497017,-29.85555984009921,27.27272727272727,10.028209218053764,-13.019378342331379,-4.288150521725641,-2.7728297405835325,36.36363636363637,-0.6671289128280464,-5.094516078014681,4.451940527644549,-7.737813535257921,30.0,0,0,0,0,small (<30 trades)
all_drops,25,recent,hold_30,Utilities,10,4,9,60.0,3.3217972280992596,1.5003940563647844,-3.393119689018141,-4.277005825760205,0.0,7.147925941804696,-2.4173958424588946,-1.8708933356449964,1.5470687214092576,40.0,1.9908580642046703,-2.116187228900257,0.12181406384118021,-9.432672750857124,30.0,0,0,0,0,small (<30 trades)
all_drops,25,recent,recovery_30,Communication Services,42,23,29,66.66666666666666,1.7822078813875133,5.001326866451916,-14.94172381091244,-36.441449899037124,16.666666666666664,8.801370848043033,-12.256118051923524,4.823587855196343,1.4817962876678383,69.04761904761905,4.728964798896662,4.375539687410868,5.001326866451916,-6.8115383983505415,23.5,0,0,1,1,descriptive only
all_drops,25,recent,recovery_30,Consumer Discretionary,69,39,47,65.21739130434783,0.837587083480069,4.460867663551937,-11.173763884394704,-32.808824633536695,13.043478260869565,6.337987399241156,-9.475663508571966,2.265420083142766,-0.04958123948154296,60.86956521739131,4.00772655702194,1.856015089355533,3.4779689572056682,-5.109622970369698,19.0,2,2,1,1,descriptive only
all_drops,25,recent,recovery_30,Consumer Staples,24,17,23,54.166666666666664,0.2864737668223583,3.2988443691625013,-12.286579733059042,-16.64974731313309,16.666666666666664,7.380362442143953,-8.097212849466802,0.8833753193833338,-1.0423408250130575,54.166666666666664,4.263162001243503,1.4931105824236512,1.1091450237471712,-6.7248349816016075,30.0,0,0,0,0,small (<30 trades)
all_drops,25,recent,recovery_30,Energy,20,14,17,65.0,1.3295704471809862,5.598771273972947,-10.638948761513289,-16.8430798229813,15.0,6.909781145086157,-9.03367799178576,6.340851314835916,-0.42424719809327327,55.00000000000001,5.488260563735969,8.443877454000726,5.874996620958905,-7.905888359428181,26.5,0,0,0,0,small (<30 trades)
all_drops,25,recent,recovery_30,Financials,94,58,47,53.191489361702125,-0.8890677158515065,1.148333607052665,-14.87421334084049,-29.454829553776563,19.148936170212767,6.698118934867807,-9.510870728032545,2.5684650986878776,-0.3891193630801737,60.63829787234043,1.7584465998629284,2.800988260656312,1.8421320161929988,-7.393725486374764,30.0,1,2,1,1,descriptive only
all_drops,25,recent,recovery_30,Health Care,79,45,42,58.22784810126582,0.986998755640107,1.3703364150539965,-15.627274551677298,-22.753218214035176,27.848101265822784,9.91500336915276,-11.458098584407834,0.21763941767081185,0.8529470053025475,50.63291139240506,2.673585063799816,0.3200445543100394,0.5243082466073856,-7.785651878458411,30.0,1,2,1,1,descriptive only
all_drops,25,recent,recovery_30,Industrials,110,64,52,50.0,-0.9363196563789611,0.04841313199828723,-14.294821224962307,-34.51450468804983,20.0,7.633211694217093,-9.505851006975012,0.9618024314760119,-1.4611270653266275,50.90909090909091,-0.28780438645544226,-1.5008726051431938,1.9447842468102383,-7.921258976903034,30.0,1,2,1,1,descriptive only
all_drops,25,recent,recovery_30,Information Technology,203,72,71,66.99507389162561,3.076478229899114,5.779469961800898,-13.473414694636785,-41.76587550010279,16.748768472906402,10.045634714676924,-11.06986926159017,5.118090615148196,2.513910050789386,68.96551724137932,7.207956686922512,6.228713393960872,7.186012952226584,-9.221451723291874,18.0,2,2,1,1,descriptive only
all_drops,25,recent,recovery_30,Materials,35,15,26,65.71428571428571,3.0349220121375633,5.754017375796394,-12.869768992770247,-15.808312442793204,17.142857142857142,9.431874588789078,-9.225903759777841,6.627067335038661,2.2382101758766115,65.71428571428571,5.582070000681982,6.681334631870683,5.4101226255675705,-6.043663471778493,13.0,0,0,1,1,descriptive only
all_drops,25,recent,recovery_30,Real Estate,11,7,10,54.54545454545454,-1.9376166673642048,3.116442431644173,-14.79764538497017,-29.85555984009921,27.27272727272727,8.079266566531473,-13.95787654803902,3.480170768683477,-0.6036929592872918,54.54545454545454,4.19803134324045,3.4878455236431294,5.540311335498549,-7.396507749656656,30.0,0,0,0,0,small (<30 trades)
all_drops,25,recent,recovery_30,Utilities,10,4,9,70.0,4.043397453050516,5.525267907179843,-1.9019979546969812,-3.2949101182690232,0.0,6.5466502963686475,-1.7975258480251242,4.7700643870845605,2.94846697999093,70.0,4.35565662332329,4.129992489841766,5.525267907179843,-5.896791804785412,22.0,0,0,0,0,small (<30 trades)
all_drops,25,recent,recovery_stop_10,Communication Services,42,23,29,61.904761904761905,1.455304597178311,4.606026019961085,-12.939077404817672,-21.79367371046067,19.047619047619047,8.969623397708535,-10.755463453683301,4.52349427241403,1.5064619934934995,66.66666666666666,3.915189910887551,3.01410378193836,4.606026019961085,-6.8115383983505415,12.0,0,0,1,1,descriptive only
all_drops,25,recent,recovery_stop_10,Consumer Discretionary,69,39,47,62.31884057971014,0.4252666150668324,4.460867663551937,-11.589655947808895,-15.356211401532349,20.28985507246377,6.501735396224939,-9.624277907617731,2.205073129778734,-0.347453768491491,56.52173913043478,4.00772655702194,1.7295977057296574,3.4779689572056682,-5.109622970369698,13.0,2,2,1,1,descriptive only
all_drops,25,recent,recovery_stop_10,Consumer Staples,24,17,23,41.66666666666667,-1.9715990558228231,-0.8269077253656887,-11.542056176267621,-13.512512143957721,37.5,6.953140652529337,-8.346413133217224,-2.928684383758756,-1.9026760628426775,45.83333333333333,-1.255416591600833,-5.230443534029172,-6.362555381750878,-6.7248349816016075,18.0,0,0,0,0,small (<30 trades)
all_drops,25,recent,recovery_stop_10,Energy,20,14,17,65.0,0.19517342209907956,5.598771273972947,-13.342485538719147,-18.03069361294386,30.0,6.909781145086157,-12.274812349162634,6.340851314835916,-0.5097488720573434,55.00000000000001,5.488260563735969,8.443877454000726,5.874996620958905,-7.905888359428181,12.0,0,0,0,0,small (<30 trades)
all_drops,25,recent,recovery_stop_10,Financials,94,58,47,48.93617021276596,-1.3890774718862942,-0.376852029125857,-12.966976847552392,-18.448160489553455,26.595744680851062,6.434150017480643,-8.88633714919628,2.048665200674532,-0.9313881187870118,56.38297872340425,-0.20937785086941885,0.6036433793923157,-0.03804852444294071,-7.393725486374764,16.5,1,2,0,1,descriptive only
all_drops,25,recent,recovery_stop_10,Health Care,79,45,42,54.43037974683544,-1.0798863841008877,0.6327655490071304,-12.865580325408782,-20.402982344648336,37.9746835443038,7.275507114822065,-11.059939730036636,-0.95494173510553,-1.5400258425496518,48.10126582278481,0.7757837394704037,-0.9827818871484539,-2.3673584145213034,-7.785651878458411,17.0,1,2,1,1,descriptive only
all_drops,25,recent,recovery_stop_10,Industrials,110,64,52,46.36363636363636,-1.5503427432347963,-1.3598715674108586,-12.88020116448423,-21.257618055787397,29.09090909090909,7.511118923692584,-9.383131641765244,-1.5645118387170034,-1.774449774832153,46.36363636363636,-2.5877983759060728,-2.8188800849137277,-0.6048192321904899,-7.921258976903034,16.0,1,2,0,1,descriptive only
all_drops,25,recent,recovery_stop_10,Information Technology,203,72,71,54.187192118226605,0.21747577206872504,3.798850603975379,-14.814910059920681,-26.16384115838155,33.99014778325123,10.545267795379072,-11.998192212491903,2.7272923874856803,0.19040452378485992,55.66502463054187,5.689498327845532,4.647997540958726,5.5760322432034215,-9.221451723291874,8.0,2,2,1,1,descriptive only
all_drops,25,recent,recovery_stop_10,Materials,35,15,26,60.0,1.691595185192683,5.67205895597247,-13.292636373815363,-14.568894360001783,25.71428571428571,9.540000186644615,-10.081012316985218,6.622516994122973,1.4248098989780578,60.0,2.069488781286938,1.5757710070150701,3.766342928620947,-6.043663471778493,9.0,0,0,1,1,descriptive only
all_drops,25,recent,recovery_stop_10,Real Estate,11,7,10,54.54545454545454,-0.07689531349927185,3.116442431644173,-11.645650763373695,-15.820240963272859,18.181818181818183,8.079266566531473,-9.864289569536165,3.480170768683477,-0.015535181154879557,54.54545454545454,4.19803134324045,3.4878455236431294,5.540311335498549,-7.396507749656656,14.0,0,0,0,0,small (<30 trades)
all_drops,25,recent,recovery_stop_10,Utilities,10,4,9,60.0,0.2860441153456071,2.682793335924094,-11.257413884888862,-13.148840215466551,20.0,6.429119440943591,-8.928568873051368,0.7992923800456908,-0.9626743056113971,50.0,4.35565662332329,3.2241842024811174,5.525267907179843,-5.896791804785412,10.0,0,0,0,0,small (<30 trades)
all_drops,25,recent,trailing_close_10,Communication Services,42,23,29,42.857142857142854,0.07214771485197129,-3.856193466736152,-14.599988958407117,-21.79367371046067,19.047619047619047,12.670758719084237,-9.376810538322227,-1.628918751175557,-0.32047940335920166,45.23809523809524,-6.99877577180702,-4.749861640231778,-7.10484250148688,-8.34177776721563,21.5,0,0,0,1,descriptive only
all_drops,25,recent,trailing_close_10,Consumer Discretionary,69,39,47,43.47826086956522,0.6266821991424169,-2.5569224860671147,-10.651433313657085,-13.581591899946943,14.492753623188406,11.170601882312175,-7.484025249449705,-4.443860513304621,-1.1508750662683938,36.231884057971016,-2.362321620697405,-4.2042075596854245,-2.8810534592927706,-6.171335769386932,22.0,0,2,0,1,descriptive only
all_drops,25,recent,trailing_close_10,Consumer Staples,24,17,23,41.66666666666667,-0.662321302623854,-0.9490977502041087,-11.433071634161772,-12.771005992190322,33.33333333333333,8.93593287058675,-7.51821714063143,-3.792985517658931,-0.825562764454881,41.66666666666667,-1.255416591600833,-5.230443534029172,-4.27227472260634,-4.4044822499818945,30.0,0,0,0,0,small (<30 trades)
all_drops,25,recent,trailing_close_10,Energy,20,14,17,50.0,2.166787293800882,2.2613072658237976,-10.73781246670915,-18.03069361294386,25.0,12.729081717654575,-8.39550713005281,-0.38221003304332823,0.3317198897542756,50.0,5.488260563735969,4.386938173468202,5.523160911706226,-6.868786365510598,29.5,0,0,0,0,small (<30 trades)
all_drops,25,recent,trailing_close_10,Financials,94,58,47,37.234042553191486,-1.4952396644218704,-3.4550531738806014,-11.921510857243645,-18.448160489553455,20.212765957446805,9.595955434597958,-8.074762180789568,-2.868805322647561,-1.6516880053079621,38.297872340425535,-1.7990664189423522,-2.8630162003137727,-1.6790977385810313,-7.393725486374764,23.5,1,2,0,1,descriptive only
all_drops,25,recent,trailing_close_10,Health Care,79,45,42,45.56962025316456,0.010847088145907546,-2.772208883930072,-11.196528582243099,-17.488312644572403,22.78481012658228,10.319220844888456,-8.619419312847851,-4.046117976629725,-0.8705562749907867,41.77215189873418,-1.989882777753943,-3.7109493751512783,-5.7342102397671955,-7.354577642893267,28.0,1,2,0,1,descriptive only
all_drops,25,recent,trailing_close_10,Industrials,110,64,52,31.818181818181817,-2.561410526799963,-5.4705102412605005,-11.99562251584461,-21.257618055787397,20.0,9.263301504513462,-8.079609474746226,-5.262997867411678,-3.077456502480366,30.0,-5.2050210683744105,-5.106139046875347,-5.22705657809811,-7.482042577098941,21.5,0,2,0,1,descriptive only
all_drops,25,recent,trailing_close_10,Information Technology,203,72,71,43.34975369458128,2.638772810671718,-4.265016741952243,-14.00862260934654,-26.16384115838155,30.049261083743843,19.42800845751232,-10.208642292997615,-3.4227481534945925,2.183170180980035,44.827586206896555,2.85633529021343,1.4631936179430816,1.2855336441591536,-8.494757419584154,14.0,0,2,0,1,descriptive only
all_drops,25,recent,trailing_close_10,Materials,35,15,26,42.857142857142854,0.8657480611972544,-2.8321415749335888,-10.512631125825733,-14.095935460154374,11.428571428571429,12.445631706955224,-7.819164673121222,-3.3583847314099136,-0.21250628064297275,40.0,-3.847290810360021,-3.8652885599659434,-4.88184601786672,-6.043663471778493,21.0,0,0,0,1,descriptive only
all_drops,25,recent,trailing_close_10,Real Estate,11,7,10,36.36363636363637,-1.5907908156081556,-5.899747542001121,-11.645650763373695,-15.820240963272859,18.181818181818183,10.688054528221546,-8.607273869225128,-5.9946233228371,-2.8104480408120027,36.36363636363637,-5.532073363250062,-6.0796965625855295,3.116442431644173,-7.737569873492212,19.0,0,0,0,0,small (<30 trades)
all_drops,25,recent,trailing_close_10,Utilities,10,4,9,40.0,-1.1113953209312535,-3.1211921679061225,-11.257413884888862,-13.148840215466551,20.0,8.170721968334206,-7.299473513774892,-2.9652339080838086,-2.0628248753911143,20.0,-3.0428190886420348,-1.731064148032968,-3.1211921679061225,-6.49302722286832,13.0,0,0,0,0,small (<30 trades)
volatility_2_to_5,0,older,hold_20,Communication Services,35,19,22,68.57142857142857,5.352956119794278,1.8127311442339922,-10.137986007992497,-17.01643750646129,11.428571428571429,11.940789735743309,-9.020499042276333,-0.04776733095603891,2.837259755523786,48.57142857142857,2.3253349522514233,1.6198379152127855,1.7459961346694697,-7.234412339778407,20.0,0,0,1,1,descriptive only
volatility_2_to_5,0,older,hold_20,Consumer Discretionary,78,37,45,55.12820512820513,2.6955756014923318,2.82928247957257,-11.81647291577896,-24.80454545454546,15.384615384615385,11.7567880385656,-8.43677110691197,-0.008029992050040402,1.3615128966467414,50.0,0.2165283009495531,-1.8396925250042386,-0.49205147615444256,-7.504449209058228,20.0,0,0,1,1,descriptive only
volatility_2_to_5,0,older,hold_20,Consumer Staples,29,18,20,58.620689655172406,2.4411077357679245,2.0612244897959098,-6.99180494668788,-10.346008907159987,3.4482758620689653,7.545849812393029,-4.790610206117643,-0.30228392297357853,-1.1242038068705003,48.275862068965516,1.656613258254802,0.6221480324532569,-0.8543531326281384,-4.605753465494122,20.0,0,0,0,0,small (<30 trades)
volatility_2_to_5,0,older,hold_20,Energy,45,18,27,66.66666666666666,3.661895013316295,3.400496825834942,-8.20818029085081,-17.485700667302197,6.666666666666667,9.073468489379836,-7.161251938810787,0.267718852112675,1.6518707250899505,55.55555555555556,3.074356530028588,-0.3868886671393179,3.0401221757673125,-4.1576171269003925,20.0,0,0,1,1,descriptive only
volatility_2_to_5,0,older,hold_20,Financials,94,55,36,61.702127659574465,2.5337883463536404,3.076342432965573,-8.673302516548423,-20.591310166018484,9.574468085106384,8.082008826951563,-6.405011316831899,-0.5319169708186906,-0.6457170602905009,42.5531914893617,0.4164530920375831,-1.2058056931361916,-1.1046770601336298,-6.0991058210360265,20.0,1,1,1,1,descriptive only
volatility_2_to_5,0,older,hold_20,Health Care,90,47,54,56.666666666666664,1.35687307142116,2.0614806443144174,-11.498875849344424,-25.236711352770225,13.333333333333334,8.184706463993155,-7.5718321342499095,-2.568744567467407,-2.621058269758269,42.22222222222222,-1.3218048883053612,-1.4173301033760057,0.4451419603367146,-6.076156145385875,20.0,1,1,1,1,descriptive only
volatility_2_to_5,0,older,hold_20,Industrials,99,61,49,61.61616161616161,4.172992205474635,3.951852015754298,-10.26011050630101,-23.84102590198972,11.11111111111111,11.145480018989685,-7.019685600431103,1.0624711913345575,1.590497200235491,55.55555555555556,1.071281417387726,0.1814760708934493,1.0052244867088,-6.8407795306907,20.0,1,1,1,1,descriptive only
volatility_2_to_5,0,older,hold_20,Information Technology,167,66,75,56.287425149700596,2.6119843692190368,1.2580308257112982,-11.832576922914422,-29.476318829418556,12.574850299401197,11.322003062888506,-8.603656140437534,-0.8642327995371231,0.23518552598946324,46.706586826347305,-1.3095043122117342,-1.4580631445442638,-1.7372992892866645,-7.012456606085349,20.0,2,3,1,1,descriptive only
volatility_2_to_5,0,older,hold_20,Materials,50,20,35,57.99999999999999,3.098348130935074,1.6415236301055236,-9.349377242351988,-18.029225908372837,10.0,9.780240928739191,-6.12902763746109,1.6269379063963751,1.6610197416675951,56.00000000000001,0.5415944540727802,0.10638281117270054,0.9002382833783629,-5.012221721454841,20.0,0,0,1,1,descriptive only
volatility_2_to_5,0,older,hold_20,Real Estate,28,17,17,71.42857142857143,4.221439603620581,5.326113610308036,-7.487951772126833,-11.775246384231398,7.142857142857142,8.489597741730352,-6.448955741653842,0.3552348289141416,-0.8614378276275431,53.57142857142857,4.982108450316547,0.6871335513971566,4.094640371706804,-5.551473982409938,20.0,0,0,0,0,small (<30 trades)
volatility_2_to_5,0,older,hold_20,Utilities,19,11,13,73.68421052631578,5.318694685921831,4.221902017291046,-6.448844734038595,-8.598287232995371,0.0,9.060321825473105,-5.1578613048217425,-0.6299754430080906,-0.9775498919741267,47.368421052631575,4.221902017291046,1.8651491098374606,4.431566042814095,-5.685084637495996,20.0,0,0,0,0,small (<30 trades)
volatility_2_to_5,0,older,hold_30,Communication Services,35,19,22,57.14285714285714,9.752252781024563,1.696782723666801,-13.753621139244723,-24.121779859484782,17.142857142857142,23.90101092453486,-9.112758076989163,-2.115683250219935,5.867365350810274,45.714285714285715,0.997756559742291,0.46774606170477173,0.5827909954123633,-7.234412339778407,30.0,0,0,1,1,descriptive only
volatility_2_to_5,0,older,hold_30,Consumer Discretionary,78,37,45,60.256410256410255,5.730493430979598,5.357970581058991,-14.692626509293168,-36.717019133937555,14.102564102564102,16.89238374660069,-11.192372531413671,0.8556834356533702,2.7033935281995887,53.84615384615385,1.3318025258323818,0.9682473745559694,0.5845579280669089,-7.884017887817546,30.0,0,0,1,1,descriptive only
volatility_2_to_5,0,older,hold_30,Consumer Staples,29,18,20,62.06896551724138,4.022412542344511,1.708278580814726,-4.33671285109591,-9.088027052731684,0.0,8.899147768250167,-3.9576996455011044,-2.1682710454406173,-0.02394902389372038,41.37931034482759,1.385347789743352,-0.07501367737005049,0.28410291073464045,-4.613890237979601,30.0,0,0,0,0,small (<30 trades)
volatility_2_to_5,0,older,hold_30,Energy,45,18,27,60.0,2.956510205505488,0.5577936163619457,-7.419538768801661,-27.503974562798096,8.88888888888889,9.598289887532234,-7.006159317534631,-1.3562750358909303,0.4496252681828126,48.888888888888886,0.4191347119747668,-2.347459640739491,0.43971695322558846,-5.268490374873358,30.0,0,0,1,1,descriptive only
volatility_2_to_5,0,older,hold_30,Financials,94,55,36,59.57446808510638,3.622280656318631,3.6346394375874835,-11.674411932197017,-33.02218011591618,18.085106382978726,12.672681743571966,-9.715152524896807,-0.16016657292641234,-0.9650745192538905,48.93617021276596,2.187737236520973,0.45848590120301,-0.9484380880692478,-7.400214044178643,30.0,1,1,1,1,descriptive only
volatility_2_to_5,0,older,hold_30,Health Care,90,47,54,55.55555555555556,1.2646180747253888,1.6325465105715309,-12.433491350157464,-21.99179940072543,14.444444444444443,8.689506270156716,-8.016492169563769,-3.7161777077449996,-4.347505431584399,37.77777777777778,-1.033525839941768,-0.9040337770896412,-0.7679820179820163,-6.929828422163576,30.0,1,1,1,1,descriptive only
volatility_2_to_5,0,older,hold_30,Industrials,99,61,49,68.68686868686868,7.218536986431164,5.496023597057853,-13.835476671687886,-41.249809170016796,15.151515151515152,15.268079426256175,-10.438523849314027,1.5600389387978808,2.724307185209668,56.56565656565656,2.134471718249742,1.0114816186359288,1.6412865329470616,-7.120015048908945,30.0,1,1,1,1,descriptive only
volatility_2_to_5,0,older,hold_30,Information Technology,167,66,75,52.09580838323353,2.2542735025829077,0.8685446009389697,-19.927263959436235,-41.25,25.748502994011975,15.786066389759476,-12.46155126222161,-1.2968081099537399,-0.6695328151599063,46.706586826347305,-1.1786724576392293,-1.8606621219560857,-2.925470164847921,-8.513075803341808,30.0,2,3,1,1,descriptive only
volatility_2_to_5,0,older,hold_30,Materials,50,20,35,52.0,2.6490323558667166,0.4508639511169865,-14.466954981587243,-21.63871322518559,18.0,12.75621667116461,-8.300417319039338,-1.2872275880201345,0.4802872572511437,44.0,-0.9636574637367112,-1.4513846277221187,-1.5687171271453526,-6.235421312927619,30.0,0,0,1,1,descriptive only
volatility_2_to_5,0,older,hold_30,Real Estate,28,17,17,67.85714285714286,4.688330180671801,6.443444220014472,-10.616028607291387,-18.60253164556962,14.285714285714285,11.080075223353562,-8.805353798323024,-2.7380853779858985,-2.9900656628786924,39.285714285714285,4.481461579795809,-2.2517379671448623,-0.01829519542251301,-7.321954812352422,30.0,0,0,0,0,small (<30 trades)
volatility_2_to_5,0,older,hold_30,Utilities,19,11,13,68.42105263157895,9.995245925487955,7.596411511126644,-6.668158598722309,-25.808071748878923,5.263157894736842,18.333196509612684,-8.070313673448956,-3.4313611940049893,1.9359635739265522,36.84210526315789,1.8784281313396933,-2.4981144347951068,-0.007539920662724686,-5.685084637495996,30.0,0,0,0,0,small (<30 trades)
volatility_2_to_5,0,older,recovery_30,Communication Services,35,19,22,65.71428571428571,5.560608909361469,6.49483931503636,-13.753621139244723,-24.121779859484782,17.142857142857142,14.212146894819034,-11.021505562765531,0.758082017645334,3.446377278337267,54.285714285714285,6.218222577226207,1.9875888004520448,4.41097050284498,-7.234412339778407,30.0,0,0,1,1,descriptive only
volatility_2_to_5,0,older,recovery_30,Consumer Discretionary,78,37,45,67.94871794871796,3.774558663938152,6.891276346378195,-13.68428743783793,-36.717019133937555,12.82051282051282,11.105853051189674,-11.767785437035082,3.9673621406152932,2.0415917734162488,65.38461538461539,6.0181791526169315,2.8561414943816086,5.058031236566829,-7.240134326360481,21.0,0,0,1,1,descriptive only
volatility_2_to_5,0,older,recovery_30,Consumer Staples,29,18,20,72.41379310344827,4.248308156473916,5.6734693877551035,-3.534710859849768,-9.088027052731684,0.0,7.409408501119055,-4.0495802482195735,2.29805121850859,1.5024086322906576,65.51724137931035,5.461509850745328,3.8478525671474917,4.94288891135144,-4.605753465494122,19.0,0,0,0,0,small (<30 trades)
volatility_2_to_5,0,older,recovery_30,Energy,45,18,27,68.88888888888889,3.175228928500158,6.196377502383221,-6.004236253091026,-27.503974562798096,6.666666666666667,7.79750446418224,-7.059809757653022,3.3811340183259597,0.7657864336600775,60.0,4.6413308211938675,0.8134922852958137,5.663988470861447,-4.1576171269003925,19.0,0,0,1,1,descriptive only
volatility_2_to_5,0,older,recovery_30,Financials,94,55,36,70.2127659574468,2.4910252882124424,5.325223701989801,-11.341621462017125,-33.02218011591618,14.893617021276595,8.241385268501315,-11.063394665325612,1.747066862189961,-0.8047799077187167,60.63829787234043,4.0916920261626855,1.7036218702613182,2.012531400687223,-5.9552855490258345,27.0,1,1,1,1,descriptive only
volatility_2_to_5,0,older,recovery_30,Health Care,90,47,54,57.77777777777777,0.5454477897554201,3.3670323168303318,-12.433491350157464,-21.99179940072543,14.444444444444443,6.978159586366134,-8.257210458238188,-1.7350968124687167,-3.6555387354310485,46.666666666666664,0.42430150990955817,1.3254560290177129,2.1246569972559692,-6.561663223864544,30.0,1,1,1,1,descriptive only
volatility_2_to_5,0,older,recovery_30,Industrials,99,61,49,77.77777777777779,3.8257578075704237,6.9754708716601055,-13.835476671687886,-41.249809170016796,15.151515151515152,8.779094657085748,-13.510921165733203,3.529557007145323,1.5636770040285448,65.65656565656566,4.669630872483221,3.0075458579832848,5.104805227746246,-6.5497171899336015,24.0,1,1,1,1,descriptive only
volatility_2_to_5,0,older,recovery_30,Information Technology,167,66,75,66.46706586826348,2.0398954246130274,6.172512684756226,-18.58623599701722,-41.25,20.958083832335326,10.282836142403196,-14.298790641006773,3.333253775722178,0.28167944999799377,59.88023952095808,4.656922413398101,2.148376854030132,3.5795989772574366,-6.646490513327896,21.0,2,3,1,1,descriptive only
volatility_2_to_5,0,older,recovery_30,Materials,50,20,35,70.0,3.548422938002349,5.778931467922954,-6.341008725266916,-20.921627985200132,6.0,7.789581346032064,-6.347613347400326,3.8906761036728854,2.1724866102086815,68.0,5.608546356352528,4.174035397142839,3.831863416045256,-5.191989419980764,19.5,0,0,1,1,descriptive only
volatility_2_to_5,0,older,recovery_30,Real Estate,28,17,17,71.42857142857143,2.4482956890021015,6.08849520538417,-10.616028607291387,-18.60253164556962,14.285714285714285,7.339661197140718,-9.780118081344439,-0.10913369637631654,-3.085995725133355,50.0,4.737173434057285,1.621698437888897,2.8539112886819873,-7.321954812352422,29.5,0,0,0,0,small (<30 trades)
volatility_2_to_5,0,older,recovery_30,Utilities,19,11,13,78.94736842105263,5.486644933834428,7.694524495677224,-6.668158598722309,-25.808071748878923,5.263157894736842,9.803772150607646,-10.70258212906514,-1.123961545505292,-0.49228401708895303,47.368421052631575,6.737367436057373,1.8867994632268736,4.307897783698533,-5.685084637495996,23.0,0,0,0,0,small (<30 trades)
volatility_2_to_5,0,older,recovery_stop_10,Communication Services,35,19,22,62.857142857142854,4.817503935051806,5.941605839416053,-13.333058613679801,-17.62638271477308,22.857142857142858,14.219446197618755,-11.093475278523032,0.7298563877367714,3.027372071467643,51.42857142857142,3.819194281541427,1.0000196228739215,2.2885589449703536,-7.234412339778407,18.0,0,0,1,1,descriptive only
volatility_2_to_5,0,older,recovery_stop_10,Consumer Discretionary,78,37,45,64.1025641025641,3.432581882208651,6.615127959403622,-12.395946309900028,-22.66483516483516,21.794871794871796,11.182080161442727,-10.40580790213792,2.3841805414390405,1.8216487014897897,57.692307692307686,3.141559424678264,1.1604450167770182,3.3149687179008236,-7.240134326360481,15.0,0,0,1,1,descriptive only
volatility_2_to_5,0,older,recovery_stop_10,Consumer Staples,29,18,20,72.41379310344827,4.097624158721574,5.6734693877551035,-3.534710859849768,-9.75676601575881,0.0,7.409408501119055,-4.595809740071813,2.29805121850859,1.4251004494204698,65.51724137931035,5.461509850745328,3.8478525671474917,4.94288891135144,-4.605753465494122,18.0,0,0,0,0,small (<30 trades)
volatility_2_to_5,0,older,recovery_stop_10,Energy,45,18,27,68.88888888888889,2.6479330201571,6.196377502383221,-11.000667596861698,-21.079473013174677,15.555555555555555,7.79750446418224,-8.754689463041425,3.3811340183259597,1.6695018235790722,60.0,4.6413308211938675,0.8134922852958137,5.663988470861447,-4.1576171269003925,14.0,0,0,1,1,descriptive only
volatility_2_to_5,0,older,recovery_stop_10,Financials,94,55,36,69.14893617021278,2.4511064407586263,5.086847089354185,-11.733610050969075,-19.08319185059423,19.148936170212767,8.214643481192255,-10.46716623607537,1.7036218702613182,-0.40969544988880086,58.51063829787234,3.5913954522703406,1.376323361480175,1.852752382804912,-5.9552855490258345,18.0,1,1,1,1,descriptive only
volatility_2_to_5,0,older,recovery_stop_10,Health Care,90,47,54,55.55555555555556,-0.5348370952330943,2.8843647727340715,-12.899795526085452,-33.02084309865316,23.333333333333332,7.009253843986141,-9.964950769257138,-2.202835486864263,-4.447924964128114,42.22222222222222,-0.7332701557557495,-2.030080241282506,1.5979683531939903,-6.561663223864544,18.0,1,1,1,1,descriptive only
volatility_2_to_5,0,older,recovery_stop_10,Industrials,99,61,49,73.73737373737373,3.564885128556165,6.693440428380182,-12.279933282325963,-22.54489873901414,18.181818181818183,8.783851803073114,-11.088367457587575,3.0075458579832848,1.678932341198338,63.63636363636363,4.415183856271154,2.1511943480059026,4.925091629159784,-6.5497171899336015,16.0,1,1,1,1,descriptive only
volatility_2_to_5,0,older,recovery_stop_10,Information Technology,167,66,75,62.27544910179641,2.272803687105494,5.491547677662889,-12.349720704424623,-26.019459932218215,24.550898203592812,10.16733120090121,-10.75943220868426,2.2143326101464957,0.6107442450342173,55.688622754491014,3.5795989772574366,1.9474865843692841,2.489968377135865,-6.646490513327896,16.0,2,3,1,1,descriptive only
volatility_2_to_5,0,older,recovery_stop_10,Materials,50,20,35,66.0,2.4734212566080775,5.61026207986195,-10.78420583615126,-16.0595094491355,16.0,7.9383596967187025,-8.134988656547842,3.797843784256943,1.3344258530684199,66.0,5.608546356352528,4.174035397142839,3.539214378437494,-5.191989419980764,15.0,0,0,1,1,descriptive only
volatility_2_to_5,0,older,recovery_stop_10,Real Estate,28,17,17,71.42857142857143,2.419409902677387,6.08849520538417,-10.424033592989288,-14.170632095619917,14.285714285714285,7.339661197140718,-9.881218333480941,0.012132415597649882,-2.152922954671565,50.0,4.737173434057285,1.621698437888897,2.8539112886819873,-7.321954812352422,21.5,0,0,0,0,small (<30 trades)
volatility_2_to_5,0,older,recovery_stop_10,Utilities,19,11,13,78.94736842105263,5.929306986235206,7.694524495677224,-9.462689643508,-12.286995515695065,10.526315789473683,9.803772150607646,-8.59993738016144,-1.123961545505292,-0.21435669802364324,47.368421052631575,6.737367436057373,1.8867994632268736,4.307897783698533,-5.685084637495996,23.0,0,0,0,0,small (<30 trades)
volatility_2_to_5,0,older,trailing_close_10,Communication Services,35,19,22,54.285714285714285,6.4042045168605215,0.17628911414719894,-10.952247762815032,-16.945535256957477,20.0,18.99682390048568,-8.549531001194357,-2.606643277533749,3.6397206422549546,40.0,-1.1314016056796854,-1.9349267892452335,-1.9131403615469167,-6.129932243921877,26.0,0,0,1,1,descriptive only
volatility_2_to_5,0,older,trailing_close_10,Consumer Discretionary,78,37,45,53.84615384615385,2.4178920051835346,2.4131132120323584,-12.619553781643669,-22.66483516483516,21.794871794871796,12.835267461137356,-9.735712693429257,-1.3348290284430075,0.42830123361863653,43.58974358974359,0.24611001423465773,-1.9304033128401676,-3.2203252690347184,-7.664537551048573,27.5,0,0,1,1,descriptive only
volatility_2_to_5,0,older,trailing_close_10,Consumer Staples,29,18,20,58.620689655172406,3.107654855062651,1.0624169986719778,-6.683390226214864,-9.75676601575881,0.0,8.813439943782742,-4.975540687290813,-2.6153814170838725,-0.875554127528198,37.93103448275862,0.6732599547033091,-1.3279002578588106,0.1567047235280894,-4.605753465494122,30.0,0,0,0,0,small (<30 trades)
volatility_2_to_5,0,older,trailing_close_10,Energy,45,18,27,55.55555555555556,1.9473090700178253,0.4602991944764101,-10.769577291042845,-15.757547906805758,13.333333333333334,9.390087097629221,-7.3561634644964204,-2.8354848442051495,0.8777089899485507,44.44444444444444,-0.5308854103721505,-4.024771952099194,0.28542892668314,-4.638708704178618,30.0,0,0,1,1,descriptive only
volatility_2_to_5,0,older,trailing_close_10,Financials,94,55,36,55.319148936170215,2.9207952719141437,2.4287164177137277,-11.692114939017813,-17.67803080163223,22.340425531914892,12.395530285240703,-8.80982903029969,-1.694456612324574,-0.8831663647334334,44.680851063829785,1.3102402280572827,-0.3116587741951282,-3.510010590549184,-6.231076755143294,30.0,1,1,1,1,descriptive only
volatility_2_to_5,0,older,trailing_close_10,Health Care,90,47,54,50.0,0.21625248045853723,-0.3496283707850989,-11.178048926153393,-33.02084309865316,18.88888888888889,9.254654410927841,-8.822149450010768,-4.362330769951539,-4.444017340015547,35.55555555555556,-2.186688397675068,-2.0831736370206064,-1.2990696619015196,-6.002797197777598,30.0,1,1,0,1,descriptive only
volatility_2_to_5,0,older,trailing_close_10,Industrials,99,61,49,61.61616161616161,6.27807944126938,4.9230874644558,-11.087871703022055,-22.54489873901414,16.161616161616163,15.81589962641104,-9.032631908563285,0.6449556156662544,2.429222590377058,51.515151515151516,1.3198413956129362,1.0114816186359288,-0.07883330173443226,-6.8407795306907,30.0,1,1,1,1,descriptive only
volatility_2_to_5,0,older,trailing_close_10,Information Technology,167,66,75,45.50898203592814,1.859477863952231,-1.6499398552936362,-12.033779486754089,-26.019459932218215,19.16167664670659,13.937369267903227,-8.227552319567282,-2.8723704042601717,-0.5249819814403912,40.7185628742515,-1.9052441687502086,-3.1473453718130484,-3.6536807568566254,-7.026752455130381,25.0,2,3,0,1,descriptive only
volatility_2_to_5,0,older,trailing_close_10,Materials,50,20,35,50.0,2.5617360561119655,-0.3126387569096889,-10.78420583615126,-16.0595094491355,12.0,12.54803448481804,-7.4245623725941075,-0.4309328833766166,0.6448463862969949,48.0,-0.9759906304899424,-1.4437950561078985,-2.634170434565908,-5.7123249060965,30.0,0,0,0,1,descriptive only
volatility_2_to_5,0,older,trailing_close_10,Real Estate,28,17,17,67.85714285714286,4.741989155772937,6.443444220014472,-9.435750236430563,-14.170632095619917,7.142857142857142,11.080075223353562,-8.638414764675048,-2.268374734415179,-1.9799762575689814,35.714285714285715,4.481461579795809,-0.6345953047732333,-0.01829519542251301,-7.321954812352422,30.0,0,0,0,0,small (<30 trades)
volatility_2_to_5,0,older,trailing_close_10,Utilities,19,11,13,68.42105263157895,6.571568982833596,3.6620935508264063,-7.811651933468891,-11.187845303867405,5.263157894736842,12.396504667434023,-6.049125000467332,-3.202726477448503,-0.425543224689773,31.57894736842105,1.8784281313396933,-1.1825055805409157,1.5831602540106515,-5.685084637495996,30.0,0,0,0,0,small (<30 trades)
volatility_2_to_5,0,recent,hold_20,Communication Services,22,18,14,59.09090909090909,2.5602055877588823,1.910242055095901,-17.539867811102063,-39.372247890501285,18.181818181818183,13.232231162229798,-12.854942464254663,1.9685353700170882,1.3195128560345155,59.09090909090909,9.362678576161565,3.839298541900227,7.897770945426585,-4.003076852987681,20.0,0,0,0,0,small (<30 trades)
volatility_2_to_5,0,recent,hold_20,Consumer Discretionary,44,32,32,59.09090909090909,2.4548777748506585,3.0492021988280493,-10.505277402844609,-18.38735724997116,13.636363636363635,9.457983958506292,-7.660720045985254,0.009191416140053033,0.7795421913000854,50.0,3.0492021988280493,0.3338668015506363,4.467234486354954,-6.189226206059345,20.0,0,0,1,1,descriptive only
volatility_2_to_5,0,recent,hold_20,Consumer Staples,19,15,18,52.63157894736842,-1.7793702462466263,0.404667161259864,-13.212502115747741,-15.85854903390449,26.31578947368421,4.98210686796166,-9.292122595366944,-1.5826550643157966,-2.052073942915037,42.10526315789473,-0.6972752850806341,-2.4623087246033295,-4.841621532906615,-4.5143087464731835,20.0,0,0,0,0,small (<30 trades)
volatility_2_to_5,0,recent,hold_20,Energy,19,14,16,68.42105263157895,3.033561081715279,3.292427416941046,-8.848993026715076,-16.75081139560043,10.526315789473683,8.221226554879191,-8.206380776806526,1.0530821472662932,1.1315785847258528,57.89473684210527,3.8179604320013607,2.5133811033463016,3.292427416941046,-6.045265038713509,20.0,0,0,0,0,small (<30 trades)
volatility_2_to_5,0,recent,hold_20,Financials,69,47,37,39.130434782608695,-2.5131082075922846,-3.384615384615386,-15.941794193804714,-31.626085782438462,23.18840579710145,8.477663748997227,-9.57860446539983,-2.6742969672893913,-2.61138076527731,39.130434782608695,-3.274084333641125,-2.503501695110355,-3.274084333641125,-7.318451539983051,20.0,0,1,0,1,descriptive only
volatility_2_to_5,0,recent,hold_20,Health Care,43,31,25,58.139534883720934,1.8111116157139122,0.6795456751771622,-11.056695713421453,-15.956917978458996,16.27906976744186,8.046060024350432,-6.848538951836809,-1.335408383995862,-0.23302597750070103,46.51162790697674,0.6795456751771622,-1.3631360775958838,-0.2701669897314407,-6.380042462845004,20.0,0,0,1,1,descriptive only
volatility_2_to_5,0,recent,hold_20,Industrials,70,50,37,50.0,1.307161576570343,-0.20894469865679333,-9.285809853195437,-20.249039916210876,7.142857142857142,9.020655973048394,-6.406332819907706,-0.5599300977506605,-0.44657227587327086,47.14285714285714,-0.5365562842122418,-0.19601381489043335,-0.5365562842122418,-6.9482837140829705,20.0,1,2,0,1,descriptive only
volatility_2_to_5,0,recent,hold_20,Information Technology,99,60,45,53.535353535353536,2.335434273940642,1.4868265091809052,-14.071176682047634,-34.96545370796868,20.2020202020202,12.98406850593701,-9.933644297707344,1.1608967852644088,0.4901228451243019,52.52525252525253,3.6440084092501657,3.362069589140259,4.663792388690813,-8.548462473128337,20.0,2,2,1,1,descriptive only
volatility_2_to_5,0,recent,hold_20,Materials,21,13,18,57.14285714285714,2.758022868566669,1.0126582278481067,-11.10503282275712,-17.960116855074304,14.285714285714285,10.704734841473005,-7.837593095308446,4.400457900486154,1.191296879559278,52.38095238095239,0.7001275635364568,2.0294694465374796,0.3875968992248069,-6.860759493670887,20.0,0,0,0,0,small (<30 trades)
volatility_2_to_5,0,recent,hold_20,Real Estate,8,7,8,62.5,1.7354204883428856,0.8744247947089834,-8.29072750119799,-15.047021943573668,12.5,7.865405922277022,-8.481221901547338,1.3932129738969234,-0.25958421712521806,62.5,0.8744247947089834,1.3932129738969234,1.5805309060441086,-7.498293258336542,20.0,0,0,0,0,small (<30 trades)
volatility_2_to_5,0,recent,hold_20,Utilities,4,3,4,50.0,-1.420536058290575,-1.0425164125126285,-7.89705481549413,-10.162319897866123,25.0,3.545805977331651,-6.3868780939128005,-1.4521987105496847,-2.9792237457827495,25.0,-1.0425164125126285,-1.4521987105496847,-10.162319897866123,-10.386032476273659,20.0,0,0,0,0,small (<30 trades)
volatility_2_to_5,0,recent,hold_30,Communication Services,22,18,14,68.18181818181817,2.6546564593365223,7.87161953227844,-20.643518954108597,-36.12286067547341,22.727272727272727,12.219800747525948,-17.84208130106939,4.915196342090644,0.5389551644234557,59.09090909090909,9.504242091678805,4.800773857269924,8.678160919540234,-7.445850401968329,30.0,0,0,0,0,small (<30 trades)
volatility_2_to_5,0,recent,hold_30,Consumer Discretionary,44,32,32,54.54545454545454,1.9683519643263638,2.0783398072749537,-10.502751467379547,-32.47202676202561,13.636363636363635,10.19899501296142,-7.908419694035703,-2.632894922153389,-0.6097298084672024,45.45454545454545,-0.33569936555896407,-2.816163239193057,0.593386610518265,-6.973094761668753,30.0,0,0,1,1,descriptive only
volatility_2_to_5,0,recent,hold_30,Consumer Staples,19,15,18,63.1578947368421,2.6756669321378483,7.301173402868311,-12.421744789098517,-16.231951560316716,15.789473684210526,9.712667271814164,-9.38776222159298,5.08194635024064,0.8404904314039431,57.89473684210527,5.074327580594151,3.291270598117668,0.3844338031968597,-4.5143087464731835,30.0,0,0,0,0,small (<30 trades)
volatility_2_to_5,0,recent,hold_30,Energy,19,14,16,63.1578947368421,5.131253540173885,6.087174348697388,-7.635265705688489,-16.42625315542733,5.263157894736842,12.12438257271892,-6.856967658474742,4.408927838498133,2.3855608293533557,57.89473684210527,6.715494497476538,6.856295482112773,7.343814646255686,-7.692307692307687,30.0,0,0,0,0,small (<30 trades)
volatility_2_to_5,0,recent,hold_30,Financials,69,47,37,47.82608695652174,-0.947816240419467,-0.5410723069355639,-15.5852306249883,-29.10121967685314,23.18840579710145,9.106479852413893,-10.164254325516714,0.5149268627212988,-1.5059679270988844,50.72463768115942,-0.9319351818354915,0.01565983942840532,-0.1274362818590835,-9.861126063085369,30.0,0,1,0,1,descriptive only
volatility_2_to_5,0,recent,hold_30,Health Care,43,31,25,55.81395348837209,2.7301172669080436,2.1411914352342576,-13.678402219818278,-22.366016300321068,23.25581395348837,12.322588340528904,-9.386688299770942,-0.5777169988602893,0.9790691201874334,48.837209302325576,1.878458402096883,-1.4448669425879022,-1.798696122482707,-7.591189427312783,30.0,0,0,1,1,descriptive only
volatility_2_to_5,0,recent,hold_30,Industrials,70,50,37,51.42857142857142,1.250106888750565,0.14149368567440979,-12.519396463061812,-22.79762597463052,14.285714285714285,9.891475735177467,-7.899577772172038,-1.5517567023330237,-1.0396895234057435,44.285714285714285,0.9341374009695924,-2.7863290640944554,-0.3305024473915341,-8.10972957774615,30.0,1,2,1,1,descriptive only
volatility_2_to_5,0,recent,hold_30,Information Technology,99,60,45,52.52525252525253,5.760083492057399,1.0666332036642023,-15.360314021942784,-41.473975126669735,18.181818181818183,20.355675801634522,-10.38823140364495,1.1745602359445333,3.893078332819218,54.54545454545454,8.31772683241847,6.668954359799195,8.414437887960746,-10.656329753936532,30.0,1,2,1,1,descriptive only
volatility_2_to_5,0,recent,hold_30,Materials,21,13,18,47.61904761904761,1.7729401570623637,-0.7762635846127242,-9.769962103583529,-24.68563444684364,9.523809523809524,11.31750968006712,-6.903941227487414,-1.6568820223336944,0.11673112033332886,38.095238095238095,-1.6233627267854212,-1.6881580109869287,-2.470461868958118,-7.652464494569755,30.0,0,0,0,0,small (<30 trades)
volatility_2_to_5,0,recent,hold_30,Real Estate,8,7,8,62.5,3.237157731355823,4.304412990820516,-10.372512583016489,-14.37056591321564,12.5,10.579729063758275,-9.000461155981599,-0.39796678391453844,1.218088399868018,50.0,4.304412990820516,-0.39796678391453844,7.927117841930897,-7.498293258336542,30.0,0,0,0,0,small (<30 trades)
volatility_2_to_5,0,recent,hold_30,Utilities,4,3,4,75.0,2.937308584765505,3.878493521828441,-1.9074067923986902,-3.7971913186211848,0.0,5.182141885894402,-3.7971913186211848,-2.997400658014465,-0.5452878278243339,25.0,3.878493521828441,-2.997400658014465,-3.7971913186211848,-10.386032476273659,30.0,0,0,0,0,small (<30 trades)
volatility_2_to_5,0,recent,recovery_30,Communication Services,22,18,14,81.81818181818183,3.755468048128707,7.823249946905686,-16.243183762558086,-36.12286067547341,13.636363636363635,9.271908562313605,-21.06851426570333,6.608984352444535,3.138890388066456,81.81818181818183,7.934926846586454,6.608984352444535,7.878554957724826,-3.450992527576169,16.5,0,0,0,0,small (<30 trades)
volatility_2_to_5,0,recent,recovery_30,Consumer Discretionary,44,32,32,70.45454545454545,2.2086417001111753,5.598376643456082,-10.007389646357124,-32.47202676202561,11.363636363636363,6.992993427508375,-9.200197034451378,2.294285369029303,0.977900906143896,63.63636363636363,5.202217068491577,1.8017928957758884,5.419953101684083,-5.587143909329428,17.5,0,0,1,1,descriptive only
volatility_2_to_5,0,recent,recovery_30,Consumer Staples,19,15,18,68.42105263157895,1.1992262284939506,4.785784367164503,-12.421744789098517,-16.231951560316716,15.789473684210526,6.677443700969882,-10.670244961870571,4.393953529055383,-0.5815499813994313,63.1578947368421,5.249112764344444,4.742625254603194,2.847481758319992,-4.5143087464731835,30.0,0,0,0,0,small (<30 trades)
volatility_2_to_5,0,recent,recovery_30,Energy,19,14,16,68.42105263157895,2.7073527656598024,6.2391530718500565,-7.635265705688489,-16.42625315542733,5.263157894736842,7.445669772379807,-7.5590007489002105,8.486202654271402,1.142233350291372,57.89473684210527,6.405698358407319,8.73239953883701,6.794372942232885,-7.692307692307687,23.0,0,0,0,0,small (<30 trades)
volatility_2_to_5,0,recent,recovery_30,Financials,69,47,37,53.62318840579711,-0.984406865257796,0.6995133819951205,-15.5852306249883,-29.10121967685314,21.73913043478261,7.238811866187575,-10.492503523491507,2.898461157815513,-1.1757605248263376,59.42028985507246,0.6352020090110155,1.6825412097472237,0.6995133819951205,-7.356659326319215,30.0,0,1,1,1,descriptive only
volatility_2_to_5,0,recent,recovery_30,Health Care,43,31,25,65.11627906976744,1.7035800682294449,5.621145374449332,-13.678402219818278,-22.366016300321068,20.930232558139537,8.377774201818472,-10.75491564780341,3.5789910598909236,1.0228804625618657,58.139534883720934,3.106312292358804,0.424567233259765,2.0242545817590996,-6.904461520816607,24.0,0,0,1,1,descriptive only
volatility_2_to_5,0,recent,recovery_30,Industrials,70,50,37,61.42857142857143,1.0760086404716382,3.9936653845726644,-12.457259210926487,-22.79762597463052,12.857142857142856,7.219819005633033,-8.708578237377989,2.064794217641064,-0.5244103972455987,54.285714285714285,1.060142166506001,-1.1037880743123285,2.6984667802385065,-7.471695205529493,29.5,2,2,1,1,descriptive only
volatility_2_to_5,0,recent,recovery_30,Information Technology,99,60,45,63.63636363636363,2.029253083584505,6.2558872659223,-15.360314021942784,-41.473975126669735,16.161616161616163,9.793981872634408,-11.559022297252831,4.342494384855766,1.319324201444722,66.66666666666666,8.390022675736963,6.510509798016728,8.390022675736963,-7.9772911597729035,21.0,2,2,1,1,descriptive only
volatility_2_to_5,0,recent,recovery_30,Materials,21,13,18,71.42857142857143,5.673040616810317,9.129967776584325,-5.909895797861475,-12.138341842937027,4.761904761904762,10.510992773995815,-6.421839776153431,8.296082222176281,4.589241307926803,71.42857142857143,7.707040238786334,8.207629363396451,4.286474973375931,-5.360201511335005,11.0,0,0,0,0,small (<30 trades)
volatility_2_to_5,0,recent,recovery_30,Real Estate,8,7,8,62.5,2.3646728174107805,4.851326141133116,-10.372512583016489,-14.37056591321564,12.5,9.183753201446208,-9.000461155981599,3.505328458598733,1.9614153955220117,62.5,4.851326141133116,3.505328458598733,6.069335452468461,-5.924352590056542,24.0,0,0,0,0,small (<30 trades)
volatility_2_to_5,0,recent,recovery_30,Utilities,4,3,4,100.0,8.886625893494337,8.436028809110564,7.397615015094894,7.229690615552853,0.0,8.886625893494337,,8.090614841074885,8.19688823086593,100.0,8.436028809110564,8.090614841074885,9.082619004194804,-5.896791804785412,11.5,0,0,0,0,small (<30 trades)
volatility_2_to_5,0,recent,recovery_stop_10,Communication Services,22,18,14,81.81818181818183,5.374411537893474,7.823249946905686,-9.324959251990514,-16.14498600898029,9.090909090909092,9.271908562313605,-12.164325071997114,6.608984352444535,4.565610580354714,81.81818181818183,7.934926846586454,6.608984352444535,7.878554957724826,-3.450992527576169,10.0,0,0,0,0,small (<30 trades)
volatility_2_to_5,0,recent,recovery_stop_10,Consumer Discretionary,44,32,32,68.18181818181817,1.6433056734467089,5.598376643456082,-11.12607265453374,-13.391044547439378,13.636363636363635,7.106871797233107,-10.064336020381287,2.294285369029303,0.6411306675143453,61.36363636363637,5.202217068491577,1.8017928957758884,5.419953101684083,-5.587143909329428,14.0,0,0,1,1,descriptive only
volatility_2_to_5,0,recent,recovery_stop_10,Consumer Staples,19,15,18,52.63157894736842,-1.506020378663315,0.10085728693898233,-11.064400329277055,-12.333767926988271,31.57894736842105,5.875730597162156,-9.707965907358282,0.2750116856981233,-1.3684448194849188,52.63157894736842,-2.753786709102374,-1.8780332250549039,-5.894382292794409,-4.5143087464731835,14.0,0,0,0,0,small (<30 trades)
volatility_2_to_5,0,recent,recovery_stop_10,Energy,19,14,16,68.42105263157895,1.6614693291155531,6.2391530718500565,-12.170612992371593,-13.108546700324563,26.31578947368421,7.445669772379807,-10.870964964623665,8.486202654271402,0.7373665076337934,57.89473684210527,6.405698358407319,8.73239953883701,6.794372942232885,-7.692307692307687,12.0,0,0,0,0,small (<30 trades)
volatility_2_to_5,0,recent,recovery_stop_10,Financials,69,47,37,50.72463768115942,-1.0741796545191558,0.29082576892569545,-12.827982879356945,-18.03937933912515,30.434782608695656,7.168247950934135,-9.559031601309309,2.4608896632955957,-1.4028280742802341,56.52173913043478,-0.9319351818354915,0.5149268627212988,0.29082576892569545,-7.356659326319215,14.0,0,1,1,1,descriptive only
volatility_2_to_5,0,recent,recovery_stop_10,Health Care,43,31,25,62.7906976744186,1.915121824687925,5.621145374449332,-10.982999760304972,-12.751677852348998,20.930232558139537,8.57301353179846,-9.320070431061104,3.5789910598909236,1.0248839611448215,58.139534883720934,2.170050761421316,0.424567233259765,1.5582500226578921,-6.904461520816607,12.0,0,0,1,1,descriptive only
volatility_2_to_5,0,recent,recovery_stop_10,Industrials,70,50,37,57.14285714285714,0.3267241599825593,2.892710396639364,-11.129204381151416,-16.705291618385477,20.0,7.326861742409247,-9.006792616586358,1.0949787583369899,-0.8108579856447293,51.42857142857142,0.5196535843557113,-1.3771507046627218,0.9341374009695924,-7.471695205529493,16.5,1,2,1,1,descriptive only
volatility_2_to_5,0,recent,recovery_stop_10,Information Technology,99,60,45,55.55555555555556,0.7136921028959724,5.179978789328121,-13.762336586224514,-25.793735099025085,28.28282828282828,10.116697938752509,-11.0400651919247,3.1441404189041844,0.026609416763341154,57.57575757575758,6.2558872659223,4.7593945477388715,7.093337363280883,-7.9772911597729035,9.0,1,2,1,1,descriptive only
volatility_2_to_5,0,recent,recovery_stop_10,Materials,21,13,18,61.904761904761905,3.368771098474559,6.284112700988342,-11.225317825263726,-13.097533408682926,19.047619047619047,10.76816155613989,-8.655238395231605,7.8427500004524475,2.671470898419127,61.904761904761905,5.285293837182136,5.5001845670694,-0.7762635846127242,-5.360201511335005,9.0,0,0,0,0,small (<30 trades)
volatility_2_to_5,0,recent,recovery_stop_10,Real Estate,8,7,8,62.5,2.760647079083771,4.851326141133116,-9.422174355001312,-11.202771819831714,12.5,9.183753201446208,-7.9445297915202895,3.505328458598733,1.7310591574339518,62.5,4.851326141133116,3.505328458598733,6.069335452468461,-5.924352590056542,16.0,0,0,0,0,small (<30 trades)
volatility_2_to_5,0,recent,recovery_stop_10,Utilities,4,3,4,75.0,4.6095977409039675,8.15615480987383,-4.354164612768755,-9.318673996335159,0.0,9.252354986650344,-9.318673996335159,8.061778166534529,3.3353257142932025,75.0,8.15615480987383,8.061778166534529,9.082619004194804,-5.896791804785412,10.0,0,0,0,0,small (<30 trades)
volatility_2_to_5,0,recent,trailing_close_10,Communication Services,22,18,14,59.09090909090909,3.0668687702644943,3.4672696057895247,-13.96362918217506,-16.14498600898029,13.636363636363635,12.100964377533312,-9.982380440234909,1.6160047702028886,1.2252722080856573,54.54545454545454,5.266173875403085,1.3801112690500603,7.0650781450166455,-6.8115383983505415,24.0,0,0,0,0,small (<30 trades)
volatility_2_to_5,0,recent,trailing_close_10,Consumer Discretionary,44,32,32,47.72727272727273,1.7363972205384643,-1.5592396122540486,-9.581668721477401,-13.148416922001827,9.090909090909092,11.228006952185169,-6.92985514313896,-3.4846284065916002,-0.6361489375146483,38.63636363636363,-0.5657748586677003,-2.608722309784267,-1.3935428966544317,-6.095874775310661,29.0,0,0,0,1,descriptive only
volatility_2_to_5,0,recent,trailing_close_10,Consumer Staples,19,15,18,47.368421052631575,-0.324388619191344,-1.6928657799274438,-11.064400329277055,-12.333767926988271,26.31578947368421,9.15431470862267,-8.855221614223957,-5.256661296104504,-0.5006423337515995,42.10526315789473,-3.7924365006645258,-5.3255216273221775,-5.894382292794409,-4.5143087464731835,30.0,0,0,0,0,small (<30 trades)
volatility_2_to_5,0,recent,trailing_close_10,Energy,19,14,16,52.63157894736842,3.747255274379829,6.017023774581753,-10.255110462903795,-10.404731103308084,21.052631578947366,13.294139771377143,-6.860394166728298,1.905078704956198,1.6275629816780095,52.63157894736842,6.052099061639571,5.217681206596314,6.087174348697388,-6.045265038713509,30.0,0,0,0,0,small (<30 trades)
volatility_2_to_5,0,recent,trailing_close_10,Financials,69,47,37,40.57971014492754,-1.0613441451520058,-4.669211195928735,-11.522468352566547,-18.03937933912515,21.73913043478261,9.806427622164469,-8.483237059416915,-4.168447832347843,-2.004386300538507,40.57971014492754,-2.2501939822398453,-2.2890475365285985,-2.1546961325966785,-7.318451539983051,23.0,0,1,0,1,descriptive only
volatility_2_to_5,0,recent,trailing_close_10,Health Care,43,31,25,51.162790697674424,3.046521338788546,1.878458402096883,-9.62284218699552,-12.751677852348998,9.30232558139535,13.205479370765145,-7.5961965994726555,-1.3657153991072701,1.2049332261009564,46.51162790697674,1.878458402096883,-1.3657153991072701,-4.862922121313207,-6.904461520816607,30.0,0,0,1,1,descriptive only
volatility_2_to_5,0,recent,trailing_close_10,Industrials,70,50,37,40.0,-0.4589848142462661,-3.8337550774548754,-10.215392015832784,-16.705291618385477,12.857142857142856,9.990355501635493,-7.425211691500772,-5.289378809102957,-2.104877887973044,34.285714285714285,-4.743099787685767,-5.296266044624376,-4.743099787685767,-7.354221371935726,24.5,0,2,0,1,descriptive only
volatility_2_to_5,0,recent,trailing_close_10,Information Technology,99,60,45,44.44444444444444,1.956764106366248,-2.611645889222025,-13.11878889747279,-25.793735099025085,25.252525252525253,16.31929595038325,-9.533261368847356,-2.554129053131482,0.5876176736738087,44.44444444444444,1.5142954006102327,1.4705279217924185,2.48512996007495,-7.9772911597729035,16.0,0,2,0,1,descriptive only
volatility_2_to_5,0,recent,trailing_close_10,Materials,21,13,18,47.61904761904761,2.203874068171845,-2.345084640472117,-10.730669503357483,-11.590918127957373,14.285714285714285,13.094448240638517,-7.696647906797856,-1.719433999640163,0.7995234429976059,42.857142857142854,-4.432871140502845,-2.777151876712733,-4.8120300751879785,-5.404565926386096,21.0,0,0,0,0,small (<30 trades)
volatility_2_to_5,0,recent,trailing_close_10,Real Estate,8,7,8,50.0,1.9806529485610027,-0.89737512437737,-8.165394852476544,-11.202771819831714,12.5,11.24288186921512,-7.281575972093116,-0.6235219795005853,-0.30130790611846336,50.0,-0.89737512437737,-0.6235219795005853,3.6333168297977725,-7.498293258336542,24.5,0,0,0,0,small (<30 trades)
volatility_2_to_5,0,recent,trailing_close_10,Utilities,4,3,4,25.0,-2.8988068240667495,-2.9092450523408586,-7.454313818226146,-9.318673996335159,0.0,3.541936804749879,-5.045721367005625,-4.57366725105633,-5.590610437110274,0.0,-2.9092450523408586,-4.57366725105633,-3.104140069305117,-6.817359928096451,12.0,0,0,0,0,small (<30 trades)
volatility_2_to_5,10,older,hold_20,Communication Services,35,19,22,65.71428571428571,5.142460702971527,1.609309103985801,-10.317530491493004,-17.182238830124696,11.428571428571429,12.230714502152228,-8.443359078791486,-0.0476718917333363,2.8315909048634,48.57142857142857,2.1208887285706246,1.6166014758217324,1.542707431103718,-7.234412339778407,20.0,0,0,1,1,descriptive only
volatility_2_to_5,10,older,hold_20,Consumer Discretionary,78,37,45,55.12820512820513,2.4903896362545948,2.6238293677252833,-11.992663779084088,-24.95478612296793,15.384615384615385,11.53349775277427,-8.619714621183865,-0.008013948109864,1.358792591158939,50.0,0.016295477171451633,-1.836016815663566,-0.6908685561221484,-7.504449209058228,20.0,0,0,1,1,descriptive only
volatility_2_to_5,10,older,hold_20,Consumer Staples,29,18,20,58.620689655172406,2.2364301978343315,1.8573059593467889,-7.177635506234951,-10.52513776049232,3.4482758620689653,7.330972989591056,-4.980838757154362,-0.30167995909149425,-1.1219576454182119,48.275862068965516,1.4535031418547006,0.6209049794413612,-1.052446333162338,-4.605753465494122,20.0,0,0,0,0,small (<30 trades)
volatility_2_to_5,10,older,hold_20,Energy,45,18,27,66.66666666666666,3.454778339963026,3.193902426582551,-8.391580530029925,-17.65056440223265,6.666666666666667,8.855539481409059,-7.346743942929039,0.2671839493112449,1.6485702840807828,55.55555555555556,2.8684137597388304,-0.38611566280937204,2.8342478057857723,-4.1576171269003925,20.0,0,0,1,1,descriptive only
volatility_2_to_5,10,older,hold_20,Financials,94,55,36,60.63829787234043,2.328925632374925,2.8703956948377796,-8.85577344059127,-20.749968886965487,9.574468085106384,8.00562166695109,-6.416254745215382,-0.5308541996482123,-0.6444269163138898,42.5531914893617,0.21582081812743792,-1.2033964909520856,-1.302270112960513,-6.0991058210360265,20.0,1,1,1,1,descriptive only
volatility_2_to_5,10,older,hold_20,Health Care,90,47,54,55.55555555555556,1.154361836513237,1.8575616020680363,-11.67570127222285,-25.38608855286458,13.333333333333334,8.128608089879238,-7.563445980194264,-2.563612210689248,-2.615821390098415,42.22222222222222,-1.5189641192977332,-1.414498274997638,0.24445236601038367,-6.076156145385875,20.0,1,1,1,1,descriptive only
volatility_2_to_5,10,older,hold_20,Industrials,99,61,49,61.61616161616161,3.964854358910264,3.7441560077308367,-10.439410984809882,-23.993191684403325,12.121212121212121,10.923411127842868,-7.205460454376285,1.0603483717714468,1.587319383651608,55.55555555555556,0.8693407951751775,0.18111348134122185,0.8034158463757324,-6.8407795306907,20.0,1,1,1,1,descriptive only
volatility_2_to_5,10,older,hold_20,Information Technology,167,66,75,55.688622754491014,2.406965419430399,1.0557170778077607,-12.008735610381109,-29.617225285303828,13.17365269461078,11.219712108632983,-8.668513527810688,-0.8625060606769157,0.23471562483863784,46.706586826347305,-1.5066881197797364,-1.455149931468236,-1.9336283616357197,-7.012456606085349,20.0,2,3,1,1,descriptive only
volatility_2_to_5,10,older,hold_20,Materials,50,20,35,57.99999999999999,2.8923574253787723,1.4384436628126274,-9.530497367741885,-18.19300367878567,10.0,9.560899788022443,-6.31658202779582,1.6236872812087633,1.657701020905025,56.00000000000001,0.3407121474712671,0.10617025810343295,0.6986394056893164,-5.012221721454841,20.0,0,0,1,1,descriptive only
volatility_2_to_5,10,older,hold_20,Real Estate,28,17,17,71.42857142857143,4.013204959057914,5.115671824872869,-7.672791029325374,-11.951519618228911,7.142857142857142,8.27283530867995,-6.635870914997179,0.3545250690162205,-0.8597166731267877,53.57142857142857,4.772353987878364,0.6857606571885722,3.8866590722628325,-5.551473982409938,20.0,0,0,0,0,small (<30 trades)
volatility_2_to_5,10,older,hold_20,Utilities,19,11,13,73.68421052631578,5.108267723512408,4.013666448824971,-6.635760129175358,-8.780908037724643,0.0,8.842419084563083,-5.347356087429482,-0.6287167508142621,-0.9755967453368161,47.368421052631575,4.013666448824971,1.8614225381894611,4.2229115652061004,-5.685084637495996,20.0,0,0,0,0,small (<30 trades)
volatility_2_to_5,10,older,hold_30,Communication Services,35,19,22,57.14285714285714,9.532967560682868,1.4935923485945635,-13.92594157652895,-24.273384694930368,17.142857142857142,23.65345645715319,-9.294350967944228,-2.111456110858856,5.8556423431163465,45.714285714285715,0.7959628403422236,0.4668115041389338,0.3818263780389186,-7.234412339778407,30.0,0,0,1,1,descriptive only
volatility_2_to_5,10,older,hold_30,Consumer Discretionary,78,37,45,60.256410256410255,5.519243693854774,5.147465145332609,-14.863070811971898,-36.84345865614746,15.384615384615385,16.658832530323778,-11.369810348533713,0.8539737784392822,2.6979921425288613,53.84615384615385,1.1293413819246423,0.9663128143670374,0.38358978035848423,-7.884017887817546,30.0,0,0,1,1,descriptive only
volatility_2_to_5,10,older,hold_30,Consumer Staples,29,18,20,58.620689655172406,3.814575554247931,1.5050652369968942,-4.527848289954847,-9.269669356322618,0.0,9.194800913784455,-3.8074103717621477,-2.1639388355596534,-0.02390117369613309,41.37931034482759,1.1827796622913112,-0.07486379989277703,0.08373507275116765,-4.613890237979601,30.0,0,0,0,0,small (<30 trades)
volatility_2_to_5,10,older,hold_30,Energy,45,18,27,55.55555555555556,2.7508028924075876,0.3568789438018083,-7.60451471531754,-27.648821766468824,8.88888888888889,10.13487384153481,-6.479285794001443,-1.3535651956593897,0.44872691599863146,48.888888888888886,0.21849708018262248,-2.3427694116870734,0.23903819807430393,-5.268490374873358,30.0,0,0,1,1,descriptive only
volatility_2_to_5,10,older,hold_30,Financials,94,55,36,59.57446808510638,3.4152431325297914,3.42757722092899,-11.850886633631175,-33.1560019338664,18.085106382978726,12.447561500328074,-9.89554183054136,-0.159846559793686,-0.9631462984361969,48.93617021276596,1.9835659333511058,0.4575698454563404,-1.14634330667448,-7.400214044178643,30.0,1,1,1,1,descriptive only
volatility_2_to_5,10,older,hold_30,Health Care,90,47,54,54.44444444444444,1.062291165485188,1.4294844795813777,-12.60844940939791,-22.147659941383303,14.444444444444443,8.64875509751349,-8.00445841181693,-3.708752777259977,-4.338819107045775,37.77777777777778,-1.2312610530487655,-0.9022275157967501,-0.9662477881758447,-6.929828422163576,30.0,1,1,1,1,descriptive only
volatility_2_to_5,10,older,hold_30,Industrials,99,61,49,67.67676767676768,7.004314135309434,5.28524233112968,-14.00763356145473,-41.36719216867809,15.151515151515152,15.262750926763058,-10.28678789679659,1.5569219778812093,2.718864014010449,56.56565656565656,1.9304068396918117,1.0094606763409786,1.4382070393747504,-7.120015048908945,30.0,1,1,1,1,descriptive only
volatility_2_to_5,10,older,hold_30,Information Technology,167,66,75,52.09580838323353,2.049969259820517,0.6670090472907342,-20.08724944603076,-41.36738261738261,25.748502994011975,15.554725597771954,-12.636453257701678,-1.2942170847590306,-0.6681950872574874,46.706586826347305,-1.3761176675140652,-1.8569445153188244,-3.1194252694136337,-8.513075803341808,30.0,2,3,1,1,descriptive only
volatility_2_to_5,10,older,hold_30,Materials,50,20,35,52.0,2.4439393841267374,0.250162924241637,-14.637850176429213,-21.795279232727673,18.0,12.530929524968496,-8.483633268451834,-1.2846557047273657,0.4793276423515442,44.0,-1.1615322739989553,-1.448484758336055,-1.7653830269912019,-6.235421312927619,30.0,0,0,1,1,descriptive only
volatility_2_to_5,10,older,hold_30,Real Estate,28,17,17,67.85714285714286,4.479162687803338,6.230770005788678,-10.794617960723368,-18.765163949974085,14.285714285714285,10.858137011119107,-8.987560883641057,-2.732614677929967,-2.9840915057100994,39.285714285714285,4.27270741080521,-2.247238990187528,-0.2180588413856932,-7.321954812352422,30.0,0,0,0,0,small (<30 trades)
volatility_2_to_5,10,older,hold_30,Utilities,19,11,13,68.42105263157895,9.775475204358122,7.381433665949588,-6.854635804319258,-25.956307369760268,5.263157894736842,18.096766546556527,-8.253989370405092,-3.424505327483496,1.9320955148377845,36.84210526315789,1.6748748283799797,-2.4931231971631496,-0.20732505568637483,-5.685084637495996,30.0,0,0,0,0,small (<30 trades)
volatility_2_to_5,10,older,recovery_30,Communication Services,35,19,22,65.71428571428571,5.3496986018502675,6.2820624133080205,-13.92594157652895,-24.273384694930368,17.142857142857142,13.983950797127102,-11.199284772430332,0.7565673682594198,3.439491409649277,54.285714285714285,6.005998356292697,1.9836175940575296,4.202357175166982,-7.234412339778407,30.0,0,0,1,1,descriptive only
volatility_2_to_5,10,older,recovery_30,Consumer Discretionary,78,37,45,67.94871794871796,3.5672168883858384,6.67770736266916,-13.856746403996091,-36.84345865614746,14.102564102564102,10.883863334803696,-11.944073578020015,3.9594353431315343,2.037512668973858,65.38461538461539,5.806354618845466,2.8504349179692685,4.84812508025001,-7.240134326360481,21.0,0,0,1,1,descriptive only
volatility_2_to_5,10,older,recovery_30,Consumer Staples,29,18,20,72.41379310344827,4.040019828488965,5.462333584782586,-3.7274487002896013,-9.269669356322618,0.0,7.194804288329619,-4.241289378592748,2.2934597075825236,1.499406816841524,65.51724137931035,5.250797543351249,3.8401645500303117,4.73321280963046,-4.605753465494122,19.0,0,0,0,0,small (<30 trades)
volatility_2_to_5,10,older,recovery_30,Energy,45,18,27,64.44444444444444,2.9690846149567127,5.984196927952912,-6.192039976861066,-27.648821766468824,6.666666666666667,8.109527041898152,-6.347967283874647,3.374378505801845,0.764256390835582,60.0,4.432257233139558,0.8118669260844591,5.45287161077983,-4.1576171269003925,19.0,0,0,1,1,descriptive only
volatility_2_to_5,10,older,recovery_30,Financials,94,55,36,70.2127659574468,2.2862480149093325,5.114783694593228,-11.518761079475622,-33.1560019338664,14.893617021276595,8.025118764468356,-11.241090180479798,1.7435762191086779,-0.8031719558551411,60.63829787234043,3.8837166175190174,1.700218030360695,1.8087101591274024,-5.9552855490258345,27.0,1,1,1,1,descriptive only
volatility_2_to_5,10,older,recovery_30,Health Care,90,47,54,57.77777777777777,0.34455778418149335,3.160504779733786,-12.60844940939791,-22.147659941383303,14.444444444444443,6.764417009770009,-8.440512735044896,-1.7316300855706679,-3.6482349617338867,46.666666666666664,0.22365355484481309,1.3228077652234604,1.9206117285301971,-6.561663223864544,30.0,1,1,1,1,descriptive only
volatility_2_to_5,10,older,recovery_30,Industrials,99,61,49,76.76767676767676,3.6183137360268383,6.761733667121317,-14.00763356145473,-41.36719216867809,15.151515151515152,8.674878320729142,-13.090334456902522,3.5225049451929946,1.5605527742502656,65.65656565656566,4.460500740869877,3.0015367753499556,4.894805616901598,-6.5497171899336015,24.0,1,1,1,1,descriptive only
volatility_2_to_5,10,older,recovery_30,Information Technology,167,66,75,66.46706586826348,1.8360195096787475,5.960379792279191,-18.748900860160024,-41.36738261738261,20.958083832335326,10.06249081544536,-14.470021828537217,3.32659392801844,0.2811166538941044,59.88023952095808,4.447817673311405,2.1440843927833075,3.372646731548623,-6.646490513327896,21.0,2,3,1,1,descriptive only
volatility_2_to_5,10,older,recovery_30,Materials,50,20,35,70.0,3.3415329820822786,5.567584951503546,-6.528139576964683,-21.079626730484446,6.0,7.574217547138911,-6.534731003049866,3.8829025250441687,2.1681459776208545,68.0,5.397540269726475,4.165695666079616,3.6244071454837323,-5.191989419980764,19.5,0,0,1,1,descriptive only
volatility_2_to_5,10,older,recovery_30,Real Estate,28,17,17,71.42857142857143,2.2436037895235836,5.876530179998807,-10.794617960723368,-18.765163949974085,14.285714285714285,7.125196339603981,-9.960377585677412,-0.1089156470329149,-3.0798298995087166,50.0,4.5279083522709485,1.6184582811698442,2.648408968424887,-7.321954812352422,29.5,0,0,0,0,small (<30 trades)
volatility_2_to_5,10,older,recovery_30,Utilities,19,11,13,78.94736842105263,5.275882406494108,7.479350620560998,-6.854635804319258,-25.956307369760268,5.263157894736842,9.584383994462588,-10.88099854838768,-1.1217158680917105,-0.49130043263922435,47.368421052631575,6.524105962658688,1.8830296341295405,4.099490395519334,-5.685084637495996,23.0,0,0,0,0,small (<30 trades)
volatility_2_to_5,10,older,recovery_stop_10,Communication Services,35,19,22,62.857142857142854,4.608078352763999,5.729934299277373,-13.506219335730387,-17.7909653666916,25.71428571428571,13.991235515905244,-11.27111069255195,0.7283981332158351,3.021323376020152,51.42857142857142,3.611763323935968,0.9980215816693758,2.0841861998255773,-7.234412339778407,18.0,0,0,1,1,descriptive only
volatility_2_to_5,10,older,recovery_stop_10,Consumer Discretionary,78,37,45,64.1025641025641,3.2259233769495026,6.402110720723497,-12.570979384205913,-22.81935097869162,21.794871794871796,10.959938143138158,-10.584817276958812,2.3794169439536383,1.8180090437445535,57.692307692307686,2.9354823828707355,1.158126445314939,3.108545203978963,-7.240134326360481,15.0,0,0,1,1,descriptive only
volatility_2_to_5,10,older,recovery_stop_10,Consumer Staples,29,18,20,72.41379310344827,3.8896368976651994,5.462333584782586,-3.7274487002896013,-9.937072177565465,0.0,7.194804288329619,-4.786427502828899,2.2934597075825236,1.4222530958751731,65.51724137931035,5.250797543351249,3.8401645500303117,4.73321280963046,-4.605753465494122,18.0,0,0,0,0,small (<30 trades)
volatility_2_to_5,10,older,recovery_stop_10,Energy,45,18,27,64.44444444444444,2.4428422448920633,5.984196927952912,-11.178488440824006,-21.237156383777712,15.555555555555555,8.109527041898152,-7.828023949681476,3.374378505801845,1.666166155599893,60.0,4.432257233139558,0.8118669260844591,5.45287161077983,-4.1576171269003925,14.0,0,0,1,1,descriptive only
volatility_2_to_5,10,older,recovery_stop_10,Financials,94,55,36,69.14893617021278,2.246408925392487,4.876883358905937,-11.909966474443655,-19.244863794948674,19.148936170212767,7.99843040730377,-10.646053016822465,1.700218030360695,-0.4088768775613493,58.51063829787234,3.384419637180891,1.3735734646540432,1.6492503800420666,-5.9552855490258345,18.0,1,1,1,1,descriptive only
volatility_2_to_5,10,older,recovery_stop_10,Health Care,90,47,54,55.55555555555556,-0.7335686894484018,2.678801606355008,-13.073821908650698,-33.154667587966536,23.333333333333332,6.795449141001164,-10.144840977510361,-2.1984342171602385,-4.439038001162825,42.22222222222222,-0.9316052803196637,-2.026024136904314,1.3949754094313649,-6.561663223864544,18.0,1,1,1,1,descriptive only
volatility_2_to_5,10,older,recovery_stop_10,Industrials,99,61,49,73.73737373737373,3.3579622811464738,6.480266721230588,-12.455198150892734,-22.699654186089035,18.181818181818183,8.566501449820231,-11.266013077052921,3.0015367753499556,1.675577831026113,63.63636363636363,4.20656211030459,2.1468962574005213,4.715451086444178,-6.5497171899336015,16.0,1,1,1,1,descriptive only
volatility_2_to_5,10,older,recovery_stop_10,Information Technology,167,66,75,62.27544910179641,2.0684624209974016,5.280775354630629,-12.524846137582605,-26.167273199086903,26.34730538922156,9.947216653047274,-10.937735041434133,2.2099083691671684,0.6095239768123721,55.688622754491014,3.372646731548623,1.9435955022826246,2.285193215543191,-6.646490513327896,16.0,2,3,1,1,descriptive only
volatility_2_to_5,10,older,recovery_stop_10,Materials,50,20,35,66.0,2.2686791561952884,5.399252565216894,-10.962459171143953,-16.227222716969404,16.0,7.7226986383836165,-8.318535132758527,3.790255684787886,1.3317596675478065,66.0,5.397540269726475,4.165695666079616,3.3323428212378325,-5.191989419980764,15.0,0,0,1,1,descriptive only
volatility_2_to_5,10,older,recovery_stop_10,Real Estate,28,17,17,71.42857142857143,2.21477571705766,5.876530179998807,-10.603006552843452,-14.342119344180116,17.857142857142858,7.125196339603981,-10.061275839308145,0.012108175007042199,-2.148621410306588,50.0,4.5279083522709485,1.6184582811698442,2.648408968424887,-7.321954812352422,21.5,0,0,0,0,small (<30 trades)
volatility_2_to_5,10,older,recovery_stop_10,Utilities,19,11,13,78.94736842105263,5.7176600192297515,7.479350620560998,-9.643583370493987,-12.462246273905443,10.526315789473683,9.584383994462588,-8.782554887893376,-1.1217158680917105,-0.2139284129127064,47.368421052631575,6.524105962658688,1.8830296341295405,4.099490395519334,-5.685084637495996,23.0,0,0,0,0,small (<30 trades)
volatility_2_to_5,10,older,trailing_close_10,Communication Services,35,19,22,48.57142857142857,6.191608703640034,-0.023863311655281105,-11.130165349702509,-17.111478243457068,22.857142857142858,20.97021910489848,-7.76596778643739,-2.601435199057132,3.632448473139559,40.0,-1.3289412628111896,-1.931060801654355,-2.10911810308228,-6.129932243921877,26.0,0,0,0,1,descriptive only
volatility_2_to_5,10,older,trailing_close_10,Consumer Discretionary,78,37,45,53.84615384615385,2.213260852326035,2.2084916072131033,-12.794140087774243,-22.81935097869162,21.794871794871796,12.609822371304926,-9.916060919816,-1.3321620373771825,0.4274454868981198,43.58974358974359,0.04581808613430294,-1.926546363164161,-3.4136912525131513,-7.664537551048573,27.5,0,0,1,1,descriptive only
volatility_2_to_5,10,older,trailing_close_10,Consumer Staples,29,18,20,55.172413793103445,2.9016455546529456,0.8604940875857281,-6.869836998989649,-9.937072177565465,0.0,9.13599541373988,-4.771400425761742,-2.610155879787002,-0.8738047686320378,37.93103448275862,0.4721145801684479,-1.3252471104904573,-0.04340857262279396,-4.605753465494122,30.0,0,0,0,0,small (<30 trades)
volatility_2_to_5,10,older,trailing_close_10,Energy,45,18,27,53.333333333333336,1.7436181428050137,0.2595793159659854,-10.9478598538979,-15.925864494404552,13.333333333333334,9.555688221988012,-7.184461947689842,-2.8298195398211323,0.8759553256329664,44.44444444444444,-0.7296249000616983,-4.016730449697381,0.08505843931715384,-4.638708704178618,30.0,0,0,1,1,descriptive only
volatility_2_to_5,10,older,trailing_close_10,Financials,94,55,36,55.319148936170215,2.715159317324914,2.224063637658358,-11.868554269808973,-17.842510260570023,22.340425531914892,12.170963791164306,-8.992027174095288,-1.6910710846276154,-0.8814017965721253,44.680851063829785,1.107822165663566,-0.3110360793415923,-3.702797782176448,-6.231076755143294,30.0,1,1,1,1,descriptive only
volatility_2_to_5,10,older,trailing_close_10,Health Care,90,47,54,48.888888888888886,0.016020207770318942,-0.5487300124019046,-11.35551536186537,-33.154667587966536,18.88888888888889,9.24563935216766,-8.812311147740179,-4.353614824357216,-4.435138184491041,35.55555555555556,-2.382119589687698,-2.079011451931644,-1.4962743179216864,-6.002797197777598,30.0,1,1,0,1,descriptive only
volatility_2_to_5,10,older,trailing_close_10,Industrials,99,61,49,61.61616161616161,6.065735626201919,4.713450926065277,-11.265518313006009,-22.699654186089035,16.161616161616163,15.584499227557082,-9.214384891762947,0.643666993057546,2.424368998787895,51.515151515151516,1.1174041500672693,1.0094606763409786,-0.27847599244024135,-6.8407795306907,30.0,1,1,1,1,descriptive only
volatility_2_to_5,10,older,trailing_close_10,Information Technology,167,66,75,45.50898203592814,1.6559624236646255,-1.8464434719663747,-12.209536171096223,-26.167273199086903,21.55688622754491,13.709722176458872,-8.41091385339431,-2.866631402453468,-0.5239330663925577,40.7185628742515,-2.1012376868945637,-3.141056969471756,-3.846180895204543,-7.026752455130381,25.0,2,3,0,1,descriptive only
volatility_2_to_5,10,older,trailing_close_10,Materials,50,20,35,50.0,2.3568175025533136,-0.5118143038489287,-10.962459171143953,-16.227222716969404,12.0,12.323163287046192,-7.6095282819395615,-0.43007187861462937,0.6435579819287709,48.0,-1.1738407990603883,-1.4409103507010954,-2.828707556574761,-5.7123249060965,30.0,0,0,0,1,descriptive only
volatility_2_to_5,10,older,trailing_close_10,Real Estate,28,17,17,67.85714285714286,4.532714452165012,6.230770005788678,-9.616697788405721,-14.342119344180116,7.142857142857142,10.858137011119107,-8.820955394515849,-2.263842517163594,-1.9760202610503568,35.714285714285715,4.27270741080521,-0.6333273820863683,-0.2180588413856932,-7.321954812352422,30.0,0,0,0,0,small (<30 trades)
volatility_2_to_5,10,older,trailing_close_10,Utilities,19,11,13,68.42105263157895,6.358638775075698,3.4549764807947803,-7.995844437098311,-11.365292166397134,5.263157894736842,12.171936226540062,-6.236839036430424,-3.196327423547485,-0.4246929884766066,31.57894736842105,1.6748748283799797,-1.1801429320283274,1.3801968968597977,-5.685084637495996,30.0,0,0,0,0,small (<30 trades)
volatility_2_to_5,10,recent,hold_20,Communication Services,22,18,14,59.09090909090909,2.3552900920790583,1.7066251878529726,-17.70462331997097,-39.49338226035043,18.181818181818183,13.005992938129452,-13.029058463327068,1.9646022324146584,1.3168764667117714,59.09090909090909,9.144171725859563,3.8316276157425944,7.682190983497672,-4.003076852987681,20.0,0,0,0,0,small (<30 trades)
volatility_2_to_5,10,recent,hold_20,Consumer Discretionary,44,32,32,59.09090909090909,2.250172724351469,2.843309686942297,-10.684088037404344,-18.550419473247935,13.636363636363635,9.239286687859938,-7.845214111827433,0.009173051672239918,0.7779846644443421,50.0,2.843309686942297,0.33319973501407807,4.258508743125478,-6.189226206059345,20.0,0,0,1,1,descriptive only
volatility_2_to_5,10,recent,hold_20,Consumer Staples,19,15,18,52.63157894736842,-1.9756152607396273,0.20405843566295712,-13.385903709922053,-16.026663821049524,26.31578947368421,4.772352408685026,-9.473357115655908,-1.5794929163351572,-2.0479738950770425,42.10526315789473,-0.8956823274680725,-2.4573890268518697,-5.031748163210493,-4.5143087464731835,20.0,0,0,0,0,small (<30 trades)
volatility_2_to_5,10,recent,hold_20,Energy,19,14,16,68.42105263157895,2.8276998208127604,3.08604894058353,-9.031112920767587,-16.91714344076406,10.526315789473683,8.005000327996324,-8.389784611418296,1.050978087031984,1.1293176884526754,57.89473684210527,3.6105319396297406,2.508359362880097,3.08604894058353,-6.045265038713509,20.0,0,0,0,0,small (<30 trades)
volatility_2_to_5,10,recent,hold_20,Financials,69,47,37,39.130434782608695,-2.7078872121725075,-3.577653116114654,-16.109742656953955,-31.76269699965636,24.637681159420293,8.260925160088155,-9.759266594340076,-2.6689537166054933,-2.6061632212907373,39.130434782608695,-3.467342906401072,-2.498499693721529,-3.467342906401072,-7.318451539983051,20.0,0,1,0,1,descriptive only
volatility_2_to_5,10,recent,hold_20,Health Care,43,31,25,55.81395348837209,1.607692811286922,0.47838774176023335,-11.234404613094926,-16.124836224256267,16.27906976744186,8.160768739852317,-6.66987678269042,-1.332740235376484,-0.23256039113206897,46.51162790697674,0.47838774176023335,-1.3604125289892965,-0.46942739534636124,-6.380042462845004,20.0,0,0,1,1,descriptive only
volatility_2_to_5,10,recent,hold_20,Industrials,70,50,37,48.57142857142857,1.1047496653284545,-0.40832742653160725,-9.467056986355884,-20.408382493800847,7.142857142857142,9.06596754098646,-6.414178328348551,-0.5588113562966068,-0.4456800235738252,47.14285714285714,-0.7352844434845296,-0.1956221788966428,-0.7352844434845296,-6.9482837140829705,20.0,1,2,0,1,descriptive only
volatility_2_to_5,10,recent,hold_20,Information Technology,99,60,45,52.52525252525253,2.130967871794918,1.284055627044678,-14.242862642722853,-35.0953928613993,20.2020202020202,13.005809537673903,-9.900771843645664,1.1585773111679631,0.48914357870047537,52.52525252525253,3.436927473367546,3.3553521673837405,4.4546739223797704,-8.548462473128337,20.0,2,2,1,1,descriptive only
volatility_2_to_5,10,recent,hold_20,Materials,21,13,18,57.14285714285714,2.5527121335645497,0.8108347348853684,-11.282645144789571,-18.124032705513706,14.285714285714285,10.483546560071476,-8.021733768444685,4.391665776808873,1.188916666013708,52.38095238095239,0.498928507465457,2.025414562528416,0.18702228004554566,-6.860759493670887,20.0,0,0,0,0,small (<30 trades)
volatility_2_to_5,10,recent,hold_20,Real Estate,8,7,8,50.0,1.5321529149396116,0.6728774924218583,-8.473962810885899,-15.216758163466615,12.5,9.570317736534284,-6.50601190665506,1.3904293315914362,-0.25906556734075403,62.5,0.6728774924218583,1.3904293315914362,1.3775728023357248,-7.498293258336542,20.0,0,0,0,0,small (<30 trades)
volatility_2_to_5,10,recent,hold_20,Utilities,4,3,4,50.0,-1.617498024208072,-1.240233662437673,-8.081076683994628,-10.341815762206041,25.0,3.33892125010421,-6.573917298520354,-1.4492972146245175,-2.9732712507861856,25.0,-1.240233662437673,-1.4492972146245175,-10.341815762206041,-10.386032476273659,20.0,0,0,0,0,small (<30 trades)
volatility_2_to_5,10,recent,hold_30,Communication Services,22,18,14,63.63636363636363,2.449552250626571,7.656091820925248,-20.802073361792697,-36.25048732747046,22.727272727272727,12.853087572609422,-15.756634562843418,4.90537576997856,0.5378783309281018,59.09090909090909,9.285452397189953,4.791181901511138,8.461021736883811,-7.445850401968329,30.0,0,0,0,0,small (<30 trades)
volatility_2_to_5,10,recent,hold_30,Consumer Discretionary,44,32,32,54.54545454545454,1.7646189933686813,1.8743870803872964,-10.681567148763397,-32.6069477874761,13.636363636363635,9.978817200747724,-8.092418855486171,-2.6276343928383965,-0.6085115670916447,45.45454545454545,-0.5348288373560383,-2.810536539414446,0.39240082308467095,-6.973094761668753,30.0,0,0,1,1,descriptive only
volatility_2_to_5,10,recent,hold_30,Consumer Staples,19,15,18,63.1578947368421,2.4705207444612576,7.086785444021437,-12.596726317991411,-16.399320288467923,15.789473684210526,9.493461143398958,-9.568805653717659,5.071792611279103,0.8388111298426971,57.89473684210527,4.8643888641494275,3.2846946328866538,0.18386550388977962,-4.5143087464731835,30.0,0,0,0,0,small (<30 trades)
volatility_2_to_5,10,recent,hold_30,Energy,19,14,16,63.1578947368421,4.921201085548178,5.8752119623863175,-7.819810629353429,-16.59323366860329,5.263157894736842,11.900357832313901,-7.043067623193061,4.400118791867769,2.380794474049958,57.89473684210527,6.50227672625282,6.842596590040606,7.129341490119323,-7.692307692307687,30.0,0,0,0,0,small (<30 trades)
volatility_2_to_5,10,recent,hold_30,Financials,69,47,37,47.82608695652174,-1.1457227014775573,-0.7397914431854224,-15.753891502860435,-29.242875581594696,23.18840579710145,8.888484887673817,-10.343746324866318,0.5138980378207814,-1.5029590001716122,50.72463768115942,-1.1298733732803545,0.015628551037933036,-0.3269818637135047,-9.861126063085369,30.0,0,1,0,1,descriptive only
volatility_2_to_5,10,recent,hold_30,Health Care,43,31,25,55.81395348837209,2.5248622873537925,1.9371131306683553,-13.850872944653789,-22.52112915486587,23.25581395348837,12.098167584603784,-9.567733877593566,-0.576562719142304,0.9771129381291137,48.837209302325576,1.674905038656127,-1.4419800955497646,-1.9949025238363782,-7.591189427312783,30.0,0,0,1,1,descriptive only
volatility_2_to_5,10,recent,hold_30,Industrials,70,50,37,48.57142857142857,1.0478089728889382,-0.058589218792454156,-12.694182883715033,-22.951876472183685,14.285714285714285,10.244294792147425,-7.6377609675218565,-1.5486562893413325,-1.037612221660676,44.285714285714285,0.7324707927758745,-2.780761973057295,-0.5296423026414976,-8.10972957774615,30.0,1,2,0,1,descriptive only
volatility_2_to_5,10,recent,hold_30,Information Technology,99,60,45,52.52525252525253,5.548774633931421,0.8647018685919772,-15.529424283637196,-41.590910241301756,20.2020202020202,20.11520492091199,-10.56727589634495,1.1722134622463298,3.8852999545318627,54.54545454545454,8.101307797788259,6.655629775663763,8.197825624448374,-10.656329753936532,30.0,1,2,1,1,descriptive only
volatility_2_to_5,10,recent,hold_30,Materials,21,13,18,47.61904761904761,1.5695976192860266,-0.974512808219874,-9.95024189958037,-24.8361126996971,9.523809523809524,11.095097073313752,-7.089947338920998,-1.65357156874264,0.1164978913216711,38.095238095238095,-1.81991944461401,-1.6847850679080456,-2.665326081008146,-7.652464494569755,30.0,0,0,0,0,small (<30 trades)
volatility_2_to_5,10,recent,hold_30,Real Estate,8,7,8,62.5,3.030889683940535,4.09601256526444,-10.551588481951518,-14.541653693608813,12.5,10.358790544150379,-9.182278416409202,-0.39717164548513395,1.2156546568113342,50.0,4.09601256526444,-0.39717164548513395,7.711479244844122,-7.498293258336542,30.0,0,0,0,0,small (<30 trades)
volatility_2_to_5,10,recent,hold_30,Utilities,4,3,4,75.0,2.731639636544209,3.670944084222405,-2.1033959896166543,-3.989404722579959,0.0,4.971987756252265,-3.989404722579959,-2.9914118455109384,-0.5441983416548613,25.0,3.670944084222405,-2.9914118455109384,-3.989404722579959,-10.386032476273659,30.0,0,0,0,0,small (<30 trades)
volatility_2_to_5,10,recent,recovery_30,Communication Services,22,18,14,81.81818181818183,3.548164415664924,7.607818878080696,-16.410530048746764,-36.25048732747046,13.636363636363635,9.053583070680622,-21.226219531905713,6.59577958850358,3.132618878799592,81.81818181818183,7.719272647092779,6.59577958850358,7.663013389377715,-3.450992527576169,16.5,0,0,0,0,small (<30 trades)
volatility_2_to_5,10,recent,recovery_30,Consumer Discretionary,44,32,32,70.45454545454545,2.004428629781295,5.387390875936693,-10.187195061649113,-32.6069477874761,11.363636363636363,6.77922121286801,-9.381615222194721,2.289701382278009,0.975947058179573,63.63636363636363,4.9920228285945,1.7981929099701421,5.20932382475765,-5.587143909329428,17.5,0,0,1,1,descriptive only
volatility_2_to_5,10,recent,recovery_30,Consumer Staples,19,15,18,63.1578947368421,0.9970299722931703,4.576422160636717,-12.596726317991411,-16.399320288467923,15.789473684210526,7.011255820416577,-9.313071481632665,4.3851744011252025,-0.5803880433746644,63.1578947368421,5.038824826753349,4.733149479868715,2.641992284277417,-4.5143087464731835,30.0,0,0,0,0,small (<30 trades)
volatility_2_to_5,10,recent,recovery_30,Energy,19,14,16,68.42105263157895,2.50214326962453,6.026887031746475,-7.819810629353429,-16.59323366860329,5.263157894736842,7.230993109497941,-7.743698050101195,8.469247204412733,1.1399511657753072,57.89473684210527,6.193099560488424,8.71495218711107,6.580997571718927,-7.692307692307687,23.0,0,0,0,0,small (<30 trades)
volatility_2_to_5,10,recent,recovery_30,Financials,69,47,37,53.62318840579711,-1.182240218174353,0.49831555306008024,-15.753891502860435,-29.242875581594696,21.73913043478261,7.0245485058155825,-10.671339680287716,2.8926700266310723,-1.1734113529485617,59.42028985507246,0.43413267432770297,1.6791794890484328,0.49831555306008024,-7.356659326319215,30.0,0,1,1,1,descriptive only
volatility_2_to_5,10,recent,recovery_30,Health Care,43,31,25,65.11627906976744,1.5003761120491814,5.410114114959952,-13.850872944653789,-22.52112915486587,20.930232558139537,8.161235192424247,-10.933227504650942,3.571840228602441,1.0208367453539529,58.139534883720934,2.9003056743920785,0.42371894707944335,1.8204099172600907,-6.904461520816607,24.0,0,0,1,1,descriptive only
volatility_2_to_5,10,recent,recovery_30,Industrials,70,50,37,58.57142857142858,0.8740585732579208,3.7858858333547407,-12.63216978193361,-22.951876472183685,12.857142857142856,7.350187876538124,-8.28184837275892,2.0606687546687374,-0.5233626242241262,54.285714285714285,0.8582238005389602,-1.101582703534465,2.493275038419851,-7.471695205529493,29.5,2,2,1,1,descriptive only
volatility_2_to_5,10,recent,recovery_30,Information Technology,99,60,45,62.62626262626263,1.8253984320688617,6.043587790865512,-15.529424283637196,-41.590910241301756,18.181818181818183,9.732107625310508,-11.423681837687413,4.333818072398521,1.3166881890542215,66.66666666666666,8.173459193867384,6.497501786432258,8.173459193867384,-7.9772911597729035,21.0,2,2,1,1,descriptive only
volatility_2_to_5,10,recent,recovery_30,Materials,21,13,18,71.42857142857143,5.461905670522993,8.911925882924798,-6.097888014049557,-12.313889611482608,4.761904761904762,10.290191589632201,-6.608809127250022,8.279506633320775,4.58007199462425,71.42857142857143,7.491841357190355,8.191230503529521,4.078110388014555,-5.360201511335005,11.0,0,0,0,0,small (<30 trades)
volatility_2_to_5,10,recent,recovery_30,Real Estate,8,7,8,62.5,2.1601479965967787,4.641832982009985,-10.551588481951518,-14.541653693608813,12.5,8.965603844400368,-9.182278416409202,3.498324805334818,1.9574964836428457,62.5,4.641832982009985,3.498324805334818,5.857408708307688,-5.924352590056542,24.0,0,0,0,0,small (<30 trades)
volatility_2_to_5,10,recent,recovery_30,Utilities,4,3,4,100.0,8.66907019740345,8.219373406894558,7.183034365714089,7.015445479457849,0.0,8.66907019740345,,8.074449776457337,8.180510831803254,100.0,8.219373406894558,8.074449776457337,8.864671713477135,-5.896791804785412,11.5,0,0,0,0,small (<30 trades)
volatility_2_to_5,10,recent,recovery_stop_10,Communication Services,22,18,14,81.81818181818183,5.163873253102491,7.607818878080696,-9.506128164573939,-16.31252849447681,9.090909090909092,9.053583070680622,-12.339820925999103,6.59577958850358,4.55648848129307,81.81818181818183,7.719272647092779,6.59577958850358,7.663013389377715,-3.450992527576169,10.0,0,0,0,0,small (<30 trades)
volatility_2_to_5,10,recent,recovery_stop_10,Consumer Discretionary,44,32,32,68.18181818181817,1.4402221456276458,5.387390875936693,-11.303642938940245,-13.564089413478452,13.636363636363635,6.8928720533825025,-10.244027656704194,2.289701382278009,0.6398496871596691,61.36363636363637,4.9920228285945,1.7981929099701421,5.20932382475765,-5.587143909329428,14.0,0,0,1,1,descriptive only
volatility_2_to_5,10,recent,recovery_stop_10,Consumer Staples,19,15,18,47.368421052631575,-1.7028115467379075,-0.09914442592203754,-11.242093835112652,-12.508925233827439,36.84210526315789,6.304561242757013,-8.909447057283336,0.274462211800619,-1.3657106640014398,52.63157894736842,-2.948084837555709,-1.8742809109189293,-6.082405504996624,-4.5143087464731835,14.0,0,0,0,0,small (<30 trades)
volatility_2_to_5,10,recent,recovery_stop_10,Energy,19,14,16,68.42105263157895,1.4583495102761734,6.026887031746475,-12.346096283096111,-13.2821559976266,26.31578947368421,7.230993109497941,-11.049044954704323,8.469247204412733,0.735893247878284,57.89473684210527,6.193099560488424,8.71495218711107,6.580997571718927,-7.692307692307687,12.0,0,0,0,0,small (<30 trades)
volatility_2_to_5,10,recent,recovery_stop_10,Financials,69,47,37,50.72463768115942,-1.271833641223403,0.09044449865813764,-13.002152743733852,-18.20313682296305,30.434782608695656,6.954125577405806,-9.739732836871118,2.455972800831485,-1.4000252209849693,56.52173913043478,-1.1298733732803545,0.5138980378207814,0.09044449865813764,-7.356659326319215,14.0,0,1,1,1,descriptive only
volatility_2_to_5,10,recent,recovery_stop_10,Health Care,43,31,25,62.7906976744186,1.7114952076555956,5.410114114959952,-11.160855904640012,-12.926000174322304,20.930232558139537,8.356084433832846,-9.501249111518515,3.571840228602441,1.0228362409427376,58.139534883720934,1.9659147958640544,0.42371894707944335,1.3553364361990394,-6.904461520816607,12.0,0,0,1,1,descriptive only
volatility_2_to_5,10,recent,recovery_stop_10,Industrials,70,50,37,55.714285714285715,0.12627116465792923,2.687130555687034,-11.306768408361886,-16.87171461215492,20.0,7.296913487425289,-8.89485949946875,1.092790988590075,-0.8092378897693134,51.42857142857142,0.3188151156557133,-1.3743991548032741,0.7324707927758745,-7.471695205529493,16.5,1,2,1,1,descriptive only
volatility_2_to_5,10,recent,recovery_stop_10,Information Technology,99,60,45,54.54545454545454,0.5124659448482377,4.969828981557245,-13.934639610028247,-25.941999364561497,30.303030303030305,10.083475682998214,-10.972745740931733,3.1378584200652426,0.02655625109548182,57.57575757575758,6.043587790865512,4.749885267923204,6.8793646612563375,-7.9772911597729035,9.0,1,2,1,1,descriptive only
volatility_2_to_5,10,recent,recovery_stop_10,Materials,21,13,18,61.904761904761905,3.162240087288807,6.07175683145591,-11.402689817620837,-13.271164710563676,19.047619047619047,10.546846548035727,-8.837745411424939,7.827080170281731,2.666133294226483,61.904761904761905,5.074933609735233,5.48919518731501,-0.974512808219874,-5.360201511335005,9.0,0,0,0,0,small (<30 trades)
volatility_2_to_5,10,recent,recovery_stop_10,Real Estate,8,7,8,62.5,2.555331100903791,4.641832982009985,-9.60314903161469,-11.380188859152717,12.5,8.965603844400368,-8.128456804923838,3.498324805334818,1.727600497778738,62.5,4.641832982009985,3.498324805334818,5.857408708307688,-5.924352590056542,16.0,0,0,0,0,small (<30 trades)
volatility_2_to_5,10,recent,recovery_stop_10,Utilities,4,3,4,75.0,4.400587555607469,7.940058596467492,-4.545265182973004,-9.499855466871942,0.0,9.034068563100606,-9.499855466871942,8.045670717650333,3.32866172685205,75.0,7.940058596467492,8.045670717650333,8.864671713477135,-5.896791804785412,10.0,0,0,0,0,small (<30 trades)
volatility_2_to_5,10,recent,trailing_close_10,Communication Services,22,18,14,59.09090909090909,2.860940960533709,3.26054179438936,-14.135530022969915,-16.31252849447681,13.636363636363635,11.876986426729063,-10.16223582397069,1.6127759894432658,1.2228241117658074,54.54545454545454,5.055851849678023,1.377353803977038,6.851161904966685,-6.8115383983505415,24.0,0,0,0,0,small (<30 trades)
volatility_2_to_5,10,recent,trailing_close_10,Consumer Discretionary,44,32,32,47.72727272727273,1.5331276956223148,-1.7559244481935965,-9.762324728027885,-13.321946558521313,9.090909090909092,11.005773172060932,-7.115809478517295,-3.4776661120729413,-0.6348779106664687,38.63636363636363,-0.7644446391698534,-2.6035100773970803,-1.5905587949628153,-6.095874775310661,29.0,0,0,0,1,descriptive only
volatility_2_to_5,10,recent,trailing_close_10,Consumer Staples,19,15,18,47.368421052631575,-0.5235406898822631,-1.8892836305169913,-11.242093835112652,-12.508925233827439,36.84210526315789,8.936224169744307,-9.037329063546174,-5.246158476332063,-0.4996420493684801,42.10526315789473,-3.9846594047590944,-5.314881224470385,-6.082405504996624,-4.5143087464731835,30.0,0,0,0,0,small (<30 trades)
volatility_2_to_5,10,recent,trailing_close_10,Energy,19,14,16,52.63157894736842,3.5399680510544074,5.805201549257921,-10.434420931509376,-10.583742629575188,21.052631578947366,13.067777853752029,-7.046487285276281,1.9012723538973653,1.6243111075887469,52.63157894736842,5.84020675582212,5.207256269120586,5.8752119623863175,-6.045265038713509,30.0,0,0,0,0,small (<30 trades)
volatility_2_to_5,10,recent,trailing_close_10,Financials,69,47,37,39.130434782608695,-1.2590237772296111,-4.859682302430368,-11.699246637576394,-18.20313682296305,21.73913043478261,9.948927778428295,-8.464135491581121,-4.1601192652502395,-2.0003815327052608,40.57971014492754,-2.445498289967629,-2.284474014977106,-2.3501912452188467,-7.318451539983051,23.0,0,1,0,1,descriptive only
volatility_2_to_5,10,recent,trailing_close_10,Health Care,43,31,25,51.162790697674424,2.8406341832665007,1.674905038656127,-9.80341592887963,-12.926000174322304,9.30232558139535,12.979294596797594,-7.780819583289885,-1.3629866970111486,1.202525767107747,46.51162790697674,1.674905038656127,-1.3629866970111486,-5.053006192998876,-6.904461520816607,30.0,0,0,1,1,descriptive only
volatility_2_to_5,10,recent,trailing_close_10,Industrials,70,50,37,38.57142857142858,-0.6578679614705397,-4.025895426950454,-10.394781841974968,-16.87171461215492,14.285714285714285,10.135532412057215,-7.435119358801921,-5.278810619674196,-2.100672337747324,34.285714285714285,-4.933423264633441,-5.28568409448526,-4.933423264633441,-7.354221371935726,24.5,0,2,0,1,descriptive only
volatility_2_to_5,10,recent,trailing_close_10,Information Technology,99,60,45,43.43434343434344,1.7530542879719193,-2.806228015317469,-13.292377730844464,-25.941999364561497,27.27272727272727,16.46246560025988,-9.541672255392049,-2.5490258981801683,0.5864436123877446,44.44444444444444,1.3114696355740696,1.4675898040665598,2.2803644656492317,-7.9772911597729035,16.0,0,2,0,1,descriptive only
volatility_2_to_5,10,recent,trailing_close_10,Materials,21,13,18,47.61904761904761,1.9996705235801053,-2.540199356475159,-10.909029804050064,-11.767559650179226,14.285714285714285,12.868485307090799,-7.881070188702345,-1.7159985670734512,0.7979259935610463,42.857142857142854,-4.623814454907427,-2.7716031217143113,-5.002215829283485,-5.404565926386096,21.0,0,0,0,0,small (<30 trades)
volatility_2_to_5,10,recent,trailing_close_10,Real Estate,8,7,8,50.0,1.776895400212243,-1.0953823668860885,-8.348880577047005,-11.380188859152717,12.5,11.020618368976942,-7.466827568552456,-0.622276181339732,-0.30070589232002565,50.0,-1.0953823668860885,-0.622276181339732,3.426257255712284,-7.498293258336542,24.5,0,0,0,0,small (<30 trades)
volatility_2_to_5,10,recent,trailing_close_10,Utilities,4,3,4,25.0,-3.092815202040635,-3.103232574713799,-7.639220284123788,-9.499855466871942,0.0,3.3350598081369975,-5.2354402054331795,-4.564529054750527,-5.579440386286883,0.0,-3.103232574713799,-4.564529054750527,-3.2977381910447634,-6.817359928096451,12.0,0,0,0,0,small (<30 trades)
volatility_2_to_5,25,older,hold_20,Communication Services,35,19,22,65.71428571428571,4.8275049670771155,1.3049369739385863,-10.586175603962607,-17.430320611167204,11.428571428571429,11.894525801225408,-8.717618298373784,-0.047529089903886046,2.8231088340498522,48.57142857142857,1.8149841544846113,1.6117589231169518,1.2385348073145286,-7.234412339778407,20.0,0,0,1,1,descriptive only
volatility_2_to_5,25,older,hold_20,Consumer Discretionary,78,37,45,55.12820512820513,2.1833782169462443,2.31641822780414,-12.256291005974576,-25.179585128088867,16.666666666666664,11.199397574532867,-8.893445565231605,-0.00798994221438143,1.3547223086335423,50.0,-0.28330475790803744,-1.830517001188758,-0.9883504712858149,-7.504449209058228,20.0,0,0,1,1,descriptive only
volatility_2_to_5,25,older,hold_20,Consumer Staples,29,18,20,58.620689655172406,1.9301795176344285,1.552190951193455,-7.455686218774211,-10.793160982435978,3.4482758620689653,7.009461534026991,-5.265470005588367,-0.3007762724849261,-1.1185968053399786,48.275862068965516,1.1495977307822092,0.6190450497477462,-1.3488451369541687,-4.605753465494122,20.0,0,0,0,0,small (<30 trades)
volatility_2_to_5,25,older,hold_20,Energy,45,18,27,66.66666666666666,3.144878080581562,2.884783624708609,-8.665994852991195,-17.897243307365517,6.666666666666667,8.529461165243292,-7.624288088741896,0.26638359599242545,1.6436319683563396,55.55555555555556,2.5602699637940374,-0.38495904785184054,2.5262063544417956,-4.1576171269003925,20.0,0,0,1,1,descriptive only
volatility_2_to_5,25,older,hold_20,Financials,94,55,36,59.57446808510638,2.0223978807858045,2.5622459619782156,-9.128797267089318,-20.98736348189869,9.574468085106384,7.81999309494033,-6.5214266453366525,-0.529264018345776,-0.6424965263239593,42.5531914893617,-0.08437709794761883,-1.199791699654229,-1.5979205660681228,-6.0991058210360265,20.0,1,1,1,1,descriptive only
volatility_2_to_5,25,older,hold_20,Health Care,90,47,54,54.44444444444444,0.8513525074739324,1.5524458281333087,-11.940277964809042,-25.609595585424728,13.333333333333334,7.965126462609572,-7.65047490232232,-2.555932873864075,-2.607985659934041,42.22222222222222,-1.8139654624285129,-1.4102611253043178,-0.05583131627344695,-6.076156145385875,20.0,1,1,1,1,descriptive only
volatility_2_to_5,25,older,hold_20,Industrials,99,61,49,61.61616161616161,3.6534261595620565,3.4333889134313456,-10.707691002528934,-24.220871159336397,14.14141414141414,10.591138472760322,-7.483427816887795,1.0571720831483278,1.5825645458702322,55.55555555555556,0.5671852507174835,0.18057095333290363,0.5014577810394494,-6.8407795306907,20.0,1,1,1,1,descriptive only
volatility_2_to_5,25,older,hold_20,Information Technology,167,66,75,53.89221556886228,2.1002038985496263,0.7530032405456577,-12.27231469387244,-29.828057887625935,14.37125748502994,11.257337880150363,-8.602939716308377,-0.8599224115095065,0.2340125308473732,46.706586826347305,-1.8017262358415942,-1.4507910091600018,-2.2273875721331104,-7.012456606085349,20.0,2,3,1,1,descriptive only
volatility_2_to_5,25,older,hold_20,Materials,50,20,35,57.99999999999999,2.58414190584314,1.134583362623709,-9.801500049123291,-18.438057699353504,10.0,9.232708555029781,-6.597212038271747,1.61882350287319,1.6527353539286056,56.00000000000001,0.04014011764350567,0.1058522235858117,0.3969951996707466,-5.012221721454841,20.0,0,0,1,1,descriptive only
volatility_2_to_5,25,older,hold_20,Real Estate,28,17,17,71.42857142857143,3.701631924799544,4.800796335443669,-7.949358496455361,-12.215270093038221,7.142857142857142,7.948502491148167,-6.915544491072015,0.3534630841315223,-0.8571413796094455,53.57142857142857,4.458506911911009,0.6837064513901758,3.575465108007525,-5.551473982409938,20.0,0,0,0,0,small (<30 trades)
volatility_2_to_5,25,older,hold_20,Utilities,19,11,13,73.68421052631578,4.793414413174103,3.7020920321674256,-6.915434037110713,-9.054156124601375,0.0,8.516380070732605,-5.630889427989705,-0.6268334208484383,-0.972674331415651,47.368421052631575,3.7020920321674256,1.8558466205116142,3.9107103518275066,-5.685084637495996,20.0,0,0,0,0,small (<30 trades)
volatility_2_to_5,25,older,hold_30,Communication Services,35,19,22,54.285714285714285,9.20485999907433,1.1895668497333034,-14.183777642290877,-24.500224847716765,17.142857142857142,24.51908042392138,-8.980776755431545,-2.1051312140592415,5.83810168322518,45.714285714285715,0.4940271005914598,0.4654131636413956,0.08113118994896307,-7.234412339778407,30.0,0,0,1,1,descriptive only
volatility_2_to_5,25,older,hold_30,Consumer Discretionary,78,37,45,60.256410256410255,5.2031592991542714,4.832494418559952,-15.11809969378547,-37.03264497366854,15.384615384615385,16.30937933888698,-11.635303341730797,0.8514156878446255,2.6899102687073166,53.84615384615385,0.8264070020127745,0.9634182105931033,0.08288930997180088,-7.884017887817546,30.0,0,0,1,1,descriptive only
volatility_2_to_5,25,older,hold_30,Consumer Staples,29,18,20,55.172413793103445,3.503597517195671,1.2010053709353485,-4.813836477773736,-9.541453351720552,0.0,9.43544217978521,-3.7971343752222237,-2.157456726012019,-0.02382957739051625,41.37931034482759,0.8796852072508687,-0.07463954431584097,-0.21606717859568025,-4.613890237979601,30.0,0,0,0,0,small (<30 trades)
volatility_2_to_5,25,older,hold_30,Energy,45,18,27,51.11111111111111,2.4430114014880138,0.05625848610577577,-7.881286705116851,-27.865550749517297,8.88888888888889,10.662893046069343,-6.15050122693792,-1.3495105718715372,0.44738274814200035,48.888888888888886,-0.08170885267346772,-2.3357516126061406,-0.061229265992479576,-5.268490374873358,30.0,0,0,1,1,descriptive only
volatility_2_to_5,25,older,hold_30,Financials,94,55,36,59.57446808510638,3.1054613014242842,3.1177584428863203,-12.114938555976568,-33.35623408042533,19.148936170212767,12.110723231135209,-10.165451016044445,-0.159367737151205,-0.9602611800057453,48.93617021276596,1.6780727116505552,0.45619918847881724,-1.442460840747184,-7.400214044178643,30.0,1,1,1,1,descriptive only
volatility_2_to_5,25,older,hold_30,Health Care,90,47,54,54.44444444444444,0.7595576354499608,1.1256510167532152,-12.870232041677856,-22.380867732891375,14.444444444444443,8.32329620690963,-8.280032364587205,-3.697643155586683,-4.3258221127236345,37.77777777777778,-1.5271242148048814,-0.8995248804458071,-1.2629048009347055,-6.929828422163576,30.0,1,1,1,1,descriptive only
volatility_2_to_5,25,older,hold_30,Industrials,99,61,49,65.65656565656566,6.683781190987625,4.969858890838119,-14.26522491771437,-41.54282757814638,15.151515151515152,15.383418166860487,-9.947877733475197,1.552258195960976,2.710719618201136,56.56565656565656,1.625072856812082,1.0064368225330078,1.1343474479947102,-7.120015048908945,30.0,1,1,1,1,descriptive only
volatility_2_to_5,25,older,hold_30,Information Technology,167,66,75,50.898203592814376,1.7442771260114325,0.3654595904604818,-20.326629226471457,-41.54301745635909,25.748502994011975,15.570172084981989,-12.587443258287314,-1.2903402390811447,-0.6661934993735742,46.706586826347305,-1.6715469092220547,-1.8513820116221602,-3.4096324084147533,-8.513075803341808,30.0,1,3,1,1,descriptive only
volatility_2_to_5,25,older,hold_30,Materials,50,20,35,50.0,2.137067107209038,-0.05013786410054677,-14.893553709858624,-22.02954258565847,18.0,12.687586754424961,-8.413452540006885,-1.2808075002993127,0.4778918095840537,44.0,-1.4576043093041,-1.4441458016486775,-2.059646218780525,-6.235421312927619,30.0,0,0,0,1,descriptive only
volatility_2_to_5,25,older,hold_30,Real Estate,28,17,17,64.28571428571429,4.166193870543775,5.912554223904687,-11.061833950895918,-19.0085040563149,14.285714285714285,11.124942488726523,-8.359553642185176,-2.724429091811408,-2.9751526171785505,39.285714285714285,3.960357033263162,-2.2405073538424247,-0.5169570647720167,-7.321954812352422,30.0,0,0,0,0,small (<30 trades)
volatility_2_to_5,25,older,hold_30,Utilities,19,11,13,68.42105263157895,9.44664120765511,7.05977105471205,-7.133654067057848,-26.17810630374735,5.263157894736842,17.74300600333034,-8.528815849641227,-3.4142471730872597,1.9263078952536006,36.84210526315789,1.3703062952731715,-2.4856550111801434,-0.506255432280367,-5.685084637495996,30.0,0,0,0,0,small (<30 trades)
volatility_2_to_5,25,older,recovery_30,Communication Services,35,19,22,62.857142857142854,5.034122081883367,5.963692984288049,-14.183777642290877,-24.500224847716765,17.142857142857142,14.271784020156776,-10.598844275194711,0.7543010599513233,3.42918836423084,54.285714285714285,5.688455881080445,1.977675639352533,3.8902175327559796,-7.234412339778407,30.0,0,0,1,1,descriptive only
volatility_2_to_5,25,older,recovery_30,Consumer Discretionary,78,37,45,67.94871794871796,3.2569798177339804,6.358152773578308,-14.114789744881133,-37.03264497366854,14.102564102564102,10.551709145697469,-12.207846357548613,3.9475747982681058,2.0314092708056912,65.38461538461539,5.489410179287169,2.8418963996465476,4.534051030898167,-7.240134326360481,21.0,0,0,1,1,descriptive only
volatility_2_to_5,25,older,recovery_30,Consumer Staples,29,18,20,68.96551724137932,3.7283664699079724,5.1464196651229255,-4.015834496458983,-9.541453351720552,0.0,7.228189123378245,-4.049017204470413,2.286589616421253,1.4949153224039151,65.51724137931035,4.935517282911206,3.8286612825233046,4.4194829816190495,-4.605753465494122,19.0,0,0,0,0,small (<30 trades)
volatility_2_to_5,25,older,recovery_30,Energy,45,18,27,60.0,2.660639258033834,5.666719759229211,-6.4730430548212325,-27.865550749517297,6.666666666666667,8.366936207904585,-5.898806166772295,3.3642705070126233,0.7619670499510499,60.0,4.119428921836321,0.8094349671646572,5.136986034597813,-4.1576171269003925,19.0,0,0,1,1,descriptive only
volatility_2_to_5,25,older,recovery_30,Financials,94,55,36,69.14893617021278,1.9798481047300986,4.7999108655709115,-11.783807888640466,-33.35623408042533,14.893617021276595,7.822690677527303,-11.116178351539498,1.738353311755103,-0.8007660428423127,60.63829787234043,3.572531467428719,1.695125003077963,1.5037407203845499,-5.9552855490258345,27.0,1,1,1,1,descriptive only
volatility_2_to_5,25,older,recovery_30,Health Care,90,47,54,57.77777777777777,0.04397423469430611,2.851486020985816,-12.870232041677856,-22.380867732891375,14.444444444444443,6.444602680698484,-8.714780480890358,-1.7264429630299394,-3.6373066220373764,46.666666666666664,-0.07656782430445208,1.3188452757557647,1.6153070870452257,-6.561663223864544,30.0,1,1,1,1,descriptive only
volatility_2_to_5,25,older,recovery_30,Industrials,99,61,49,75.75757575757575,3.3079236040414064,6.441927376040857,-14.26522491771437,-41.54282757814638,15.151515151515152,8.462767634842676,-12.800963992212564,3.5119532315485813,1.555878116227905,65.65656565656566,4.147587825737675,2.992545629265164,4.580591735338546,-6.5497171899336015,24.0,1,1,1,1,descriptive only
volatility_2_to_5,25,older,recovery_30,Information Technology,167,66,75,65.26946107784431,1.530968265388036,5.64297396812401,-18.992289682817628,-41.54301745635909,20.958083832335326,9.914299637140763,-14.223913105664503,3.316629068611366,0.28027456496059583,59.88023952095808,4.13494275048839,2.1376617575012746,3.0629924985678736,-6.646490513327896,21.0,2,3,1,1,descriptive only
volatility_2_to_5,25,older,recovery_30,Materials,50,20,35,70.0,3.0319719507804046,5.251355749878462,-6.808135863794252,-21.316033830660462,6.0,7.2519774490443885,-6.814707545168889,3.8712712353253913,2.1616512655193616,68.0,5.081820439363249,4.153217265486253,3.3139987606036425,-5.191989419980764,19.5,0,0,1,1,descriptive only
volatility_2_to_5,25,older,recovery_30,Real Estate,28,17,17,67.85714285714286,1.9373316207277862,5.5593755285493485,-11.061833950895918,-19.0085040563149,14.285714285714285,7.175781725760285,-9.121618601007489,-0.1085893886637157,-3.0706042252573797,50.0,4.214793516680437,1.6136101663782316,2.3409241999603814,-7.321954812352422,29.5,0,0,0,0,small (<30 trades)
volatility_2_to_5,25,older,recovery_30,Utilities,19,11,13,78.94736842105263,4.9605270039898794,7.1573946976938085,-7.133654067057848,-26.17810630374735,5.263157894736842,9.256122414195652,-11.147955784281772,-1.1183557522608698,-0.48982873520820575,47.368421052631575,6.205011488745393,1.87738899208858,3.7876588920092824,-5.685084637495996,23.0,0,0,0,0,small (<30 trades)
volatility_2_to_5,25,older,recovery_stop_10,Communication Services,35,19,22,60.0,4.294723366797194,5.413218777872841,-13.765312685432008,-18.03722369873928,25.71428571428571,14.30935818724216,-10.727228863870256,0.7262162062517952,3.0122729588917396,51.42857142857142,3.3013928138030724,0.9950319938321464,1.7783915686862106,-7.234412339778407,18.0,0,0,1,1,descriptive only
volatility_2_to_5,25,older,recovery_stop_10,Consumer Discretionary,78,37,45,64.1025641025641,2.91670865586348,6.0833816852919,-12.83287425847907,-23.05054671014769,21.794871794871796,10.627556070861976,-10.852661728062406,2.372289366668756,1.8125631718065471,57.692307692307686,2.6271376819118064,1.1546572610823649,2.7996820908788855,-7.240134326360481,15.0,0,0,1,1,descriptive only
volatility_2_to_5,25,older,recovery_stop_10,Consumer Staples,29,18,20,68.96551724137932,3.578434013291552,5.1464196651229255,-4.015834496458983,-10.206856958323584,3.4482758620689653,7.228189123378245,-4.532132898012211,2.286589616421253,1.4179927165056492,65.51724137931035,4.935517282911206,3.8286612825233046,4.4194829816190495,-4.605753465494122,18.0,0,0,0,0,small (<30 trades)
volatility_2_to_5,25,older,recovery_stop_10,Energy,45,18,27,60.0,2.1359732544705423,5.666719759229211,-11.444554541515739,-21.47309160163764,15.555555555555555,8.366936207904585,-7.210471175680524,3.3642705070126233,1.6611751311921465,60.0,4.119428921836321,0.8094349671646572,5.136986034597813,-4.1576171269003925,14.0,0,0,1,1,descriptive only
volatility_2_to_5,25,older,recovery_stop_10,Financials,94,55,36,68.08510638297872,1.9401283537723104,4.562723163721516,-12.173841422285928,-19.48676695358378,21.27659574468085,7.797559676346504,-10.555725134385968,1.695125003077963,-0.40765208106142276,58.51063829787234,3.0747301382939463,1.3694589058119544,1.3447586053345617,-5.9552855490258345,18.0,1,1,1,1,descriptive only
volatility_2_to_5,25,older,recovery_stop_10,Health Care,90,47,54,55.55555555555556,-1.0309226957556121,2.371225796311449,-13.334210510992751,-33.35490373157758,24.444444444444443,6.475541854739338,-10.414003383874299,-2.1918487762065677,-4.425740799718497,42.22222222222222,-1.2283660652033404,-2.019955152797287,1.0912453190134785,-6.561663223864544,18.0,1,1,1,1,descriptive only
volatility_2_to_5,25,older,recovery_stop_10,Industrials,99,61,49,72.72727272727273,3.0483520356456726,6.161303568388288,-12.717439849496404,-22.931208470989127,20.2020202020202,8.357940785407536,-11.110551297052629,2.992545629265164,1.6705586138108157,63.63636363636363,3.8944098719505993,2.140465199138042,4.401774463927066,-6.5497171899336015,16.0,1,1,1,1,descriptive only
volatility_2_to_5,25,older,recovery_stop_10,Information Technology,167,66,75,61.07784431137725,1.7627148906610877,4.965405295230663,-12.786879204651925,-26.388440181932825,26.94610778443114,9.809573332391741,-10.864662971747013,2.2032885572280456,0.6076981390739461,55.688622754491014,3.0629924985678736,1.9377734343225765,1.9787964650304524,-6.646490513327896,16.0,2,3,1,1,descriptive only
volatility_2_to_5,25,older,recovery_stop_10,Materials,50,20,35,66.0,1.9623318737821132,5.083527605648186,-11.229172390584404,-16.478165262356768,18.0,7.400013763069245,-8.593168264245847,3.778901919996308,1.3277703625294253,66.0,5.081820439363249,4.153217265486253,3.0228093191934313,-5.191989419980764,15.0,0,0,1,1,descriptive only
volatility_2_to_5,25,older,recovery_stop_10,Real Estate,28,17,17,67.85714285714286,1.9085899031627969,5.5593755285493485,-10.87079651771253,-14.59870874352205,17.857142857142858,7.175781725760285,-9.211037277876345,0.012071904796662203,-2.142185184324076,50.0,4.214793516680437,1.6136101663782316,2.3409241999603814,-7.321954812352422,21.5,0,0,0,0,small (<30 trades)
volatility_2_to_5,25,older,recovery_stop_10,Utilities,19,11,13,78.94736842105263,5.400981265605616,7.1573946976938085,-9.914247301146363,-12.724466859756422,10.526315789473683,9.256122414195652,-9.055798041607016,-1.1183557522608698,-0.2132875873103053,47.368421052631575,6.205011488745393,1.87738899208858,3.7876588920092824,-5.685084637495996,23.0,0,0,0,0,small (<30 trades)
volatility_2_to_5,25,older,trailing_close_10,Communication Services,35,19,22,45.714285714285715,5.8735102299933954,-0.32334325051188717,-11.396376202900738,-17.359771988842965,22.857142857142858,21.908436327570012,-7.629585431123755,-2.5936425629325726,3.621567422094077,40.0,-1.6245118221102028,-1.9252762815682007,-2.402351631564131,-6.129932243921877,26.0,0,0,0,1,descriptive only
volatility_2_to_5,25,older,trailing_close_10,Consumer Discretionary,78,37,45,53.84615384615385,1.9070795762300083,1.9023246174586284,-13.055366480987091,-23.05054671014769,23.076923076923077,12.272498047366106,-10.185908640095436,-1.328171527054267,0.42616506786492325,43.58974358974359,-0.25387058434008214,-1.9207753661427018,-3.703016913578172,-7.664537551048573,27.5,0,0,1,1,descriptive only
volatility_2_to_5,25,older,trailing_close_10,Consumer Staples,29,18,20,51.724137931034484,2.593402212394019,0.5583650435663889,-7.148809726333491,-10.206856958323584,3.4482758620689653,9.410753265603917,-4.71090248747373,-2.6023371207393176,-0.8711872740243216,37.93103448275862,0.17114893248535434,-1.3212773139293366,-0.342829963372282,-4.605753465494122,30.0,0,0,0,0,small (<30 trades)
volatility_2_to_5,25,older,trailing_close_10,Energy,45,18,27,48.888888888888886,1.4388436881224862,-0.04074967931149143,-11.214616805800723,-16.177709762632155,13.333333333333334,10.07194367907077,-6.8189041293063095,-2.8213427751567544,0.873331389001179,44.44444444444444,-1.0269907200460948,-4.004698276527618,-0.21474777619306384,-4.638708704178618,30.0,0,0,0,1,descriptive only
volatility_2_to_5,25,older,trailing_close_10,Financials,94,55,36,55.319148936170215,2.4074745972412654,1.9178500016652777,-12.132553268499015,-18.08861418915525,23.404255319148938,11.834954074341756,-9.26464285059744,-1.686005457150879,-0.8787615449592039,44.680851063829785,0.8049522468699749,-0.31010436634377747,-3.991257420521499,-6.231076755143294,30.0,1,1,1,1,descriptive only
volatility_2_to_5,25,older,trailing_close_10,Health Care,90,47,54,48.888888888888886,-0.28357920273575915,-0.8466377055941388,-11.62105117589824,-33.35490373157758,21.11111111111111,8.918392486292804,-9.085465166154385,-4.340573509253526,-4.421852665003005,35.55555555555556,-2.6745353383350325,-2.072783743569129,-1.7913436286750573,-6.002797197777598,30.0,1,1,0,1,descriptive only
volatility_2_to_5,25,older,trailing_close_10,Industrials,99,61,49,59.59595959595959,5.748014207148345,4.39978029505701,-11.531323714478294,-22.931208470989127,19.19191919191919,15.762460287974218,-9.023293762069816,0.6417388794285106,2.4171067669836526,51.515151515151516,0.8145055283031555,1.0064368225330078,-0.5771932353916098,-6.8407795306907,30.0,1,1,1,1,descriptive only
volatility_2_to_5,25,older,trailing_close_10,Information Technology,167,66,75,43.712574850299404,1.3514505429350232,-2.140463846040308,-12.472513753653056,-26.388440181932825,21.55688622754491,13.923834792576892,-8.412209565829405,-2.858044367331192,-0.5223636174431835,40.7185628742515,-2.3944948212751394,-3.1316478886618535,-4.134211027395973,-7.026752455130381,25.0,1,3,0,1,descriptive only
volatility_2_to_5,25,older,trailing_close_10,Materials,50,20,35,48.0,2.0502062004705195,-0.8098325785709737,-11.229172390584404,-16.478165262356768,18.0,12.492384606453498,-7.588727712744537,-0.42878359218771456,0.641630194844139,48.0,-1.4698759640036974,-1.4365940832595019,-3.119785544617937,-5.7123249060965,30.0,0,0,0,1,descriptive only
volatility_2_to_5,25,older,trailing_close_10,Real Estate,28,17,17,64.28571428571429,4.219585219833934,5.912554223904687,-9.887442255201467,-14.59870874352205,10.714285714285714,11.124942488726523,-8.21005786417273,-2.2570611447173645,-1.970101064264398,35.714285714285715,3.960357033263162,-0.6314302409090145,-0.5169570647720167,-7.321954812352422,30.0,0,0,0,0,small (<30 trades)
volatility_2_to_5,25,older,trailing_close_10,Utilities,19,11,13,68.42105263157895,6.040039960475333,3.1450756278796677,-8.27144419315233,-11.630798693873047,5.263157894736842,11.835923596773515,-6.5177079181707285,-3.186752779306612,-0.42342081459157016,31.57894736842105,1.3703062952731715,-1.1766077970968292,1.076511075686415,-5.685084637495996,30.0,0,0,0,0,small (<30 trades)
volatility_2_to_5,25,recent,hold_20,Communication Services,22,18,14,59.09090909090909,2.0486833653760583,1.4019615460929558,-17.951140290847185,-39.67463069403993,18.181818181818183,12.667481879625178,-13.289581155206003,1.9587172384958107,1.312931744533101,59.09090909090909,8.817228807701916,3.8201499207436207,7.359627449439432,-4.003076852987681,20.0,0,0,0,0,small (<30 trades)
volatility_2_to_5,25,recent,hold_20,Consumer Discretionary,44,32,32,59.09090909090909,1.9438808782179988,2.5352410906044787,-10.951635121533652,-18.794402849721912,13.636363636363635,8.912058851481335,-8.121265083162376,0.009145573665536588,0.7756542003210343,50.0,2.5352410906044787,0.33220163047059104,3.9462008978943253,-6.189226206059345,20.0,0,0,1,1,descriptive only
volatility_2_to_5,25,recent,hold_20,Consumer Staples,19,15,18,47.368421052631575,-2.26924869888379,-0.09610424602821688,-13.645357466791376,-16.278207143461078,26.31578947368421,4.96457306894552,-8.779688289930169,-1.5747615228478895,-2.0418391601573576,42.10526315789473,-1.1925507200677643,-2.4500278830841102,-5.316226911794852,-4.5143087464731835,20.0,0,0,0,0,small (<30 trades)
volatility_2_to_5,25,recent,hold_20,Energy,19,14,16,68.42105263157895,2.5196779840508734,2.777253215360287,-9.303611515359881,-17.166019318814385,10.526315789473683,7.68146981395711,-8.664204314079306,1.0478298672300435,1.1259348012608903,57.89473684210527,3.3001651181260474,2.500845536746088,2.777253215360287,-6.045265038713509,20.0,0,0,0,0,small (<30 trades)
volatility_2_to_5,25,recent,hold_20,Financials,69,47,37,37.68115942028986,-2.9993271192751036,-3.8664876270861237,-16.361037115531353,-31.967102810954973,24.637681159420293,8.245528877482625,-9.798542373128615,-2.6609588278016627,-2.5983564223083446,39.130434782608695,-3.7565078531740737,-2.491015402366664,-3.7565078531740737,-7.318451539983051,20.0,0,1,0,1,descriptive only
volatility_2_to_5,25,recent,hold_20,Health Care,43,31,25,55.81395348837209,1.3033255228674685,0.1774033027323929,-11.500303216097658,-16.37608546983824,16.27906976744186,7.836771619320756,-6.949448493705105,-1.3287479930532253,-0.2318637531740179,46.51162790697674,0.1774033027323929,-1.3563373939170948,-0.7675726406554673,-6.380042462845004,20.0,0,0,1,1,descriptive only
volatility_2_to_5,25,recent,hold_20,Industrials,70,50,37,47.14285714285714,0.8018889502532944,-0.706655697665981,-9.738249704301682,-20.646800315631253,8.571428571428571,9.00671033248336,-6.515924714978926,-0.5571374289339515,-0.44434498272677153,47.14285714285714,-1.0326333102261498,-0.195036189878528,-1.0326333102261498,-6.9482837140829705,20.0,1,2,0,1,descriptive only
volatility_2_to_5,25,recent,hold_20,Information Technology,99,60,45,52.52525252525253,1.825033105492073,0.9806577984119214,-14.499749366925201,-35.28981553486159,21.21212121212121,12.667299028548303,-10.170665362570139,1.155106776360359,0.4876783421561003,52.52525252525253,3.1270806865107748,3.345301162261749,4.141778461565182,-8.548462473128337,20.0,1,2,1,1,descriptive only
volatility_2_to_5,25,recent,hold_20,Materials,21,13,18,52.38095238095239,2.245514026329437,0.5088544461630873,-11.548399242593732,-18.369293329612567,14.285714285714285,11.085835243296778,-7.478839312334638,4.378510479536102,1.185355249237284,52.38095238095239,0.1978825382819127,2.019347404410088,-0.11308936959926186,-6.860759493670887,20.0,0,0,0,0,small (<30 trades)
volatility_2_to_5,25,recent,hold_20,Real Estate,8,7,8,50.0,1.2280119073536544,0.3713104565807701,-8.748130356553604,-15.470727569790244,12.5,9.242098291942957,-6.786074477235648,1.3862642807602743,-0.2582895327505299,62.5,0.3713104565807701,1.3862642807602743,1.0738948416748162,-7.498293258336542,20.0,0,0,0,0,small (<30 trades)
volatility_2_to_5,25,recent,hold_20,Utilities,4,3,4,50.0,-1.912204207625773,-1.5360699466147987,-8.356421125641276,-10.61038812780194,25.0,3.029368042282621,-6.853776457534167,-1.444955824212768,-2.964364774482087,25.0,-1.5360699466147987,-1.444955824212768,-10.61038812780194,-10.386032476273659,20.0,0,0,0,0,small (<30 trades)
volatility_2_to_5,25,recent,hold_30,Communication Services,22,18,14,63.63636363636363,2.1426631602874733,7.3336064672795525,-21.039311877030737,-36.441449899037124,22.727272727272727,12.515034544301486,-16.00898676173704,4.890681647117601,0.5362671087405461,59.09090909090909,8.95808627077267,4.77682984800672,8.136125204230794,-7.445850401968329,30.0,0,0,0,0,small (<30 trades)
volatility_2_to_5,25,recent,hold_30,Consumer Discretionary,44,32,32,54.54545454545454,1.4597816303397082,1.5692209054930406,-10.949121784250469,-32.808824633536695,13.636363636363635,9.649374090203517,-8.367729321496862,-2.619763276656378,-0.606688762040934,45.45454545454545,-0.8327781717157728,-2.8021175372519553,0.09167395909424059,-6.973094761668753,30.0,0,0,1,1,descriptive only
volatility_2_to_5,25,recent,hold_30,Consumer Staples,19,15,18,57.89473684210527,2.1635688427007636,6.766005455721835,-12.858544066958356,-16.64974731313309,15.789473684210526,10.009263615953461,-8.624261470521699,5.056599984404043,0.8362984591774938,57.89473684210527,4.550266096401668,3.274855283413847,-0.11623668958715694,-4.5143087464731835,30.0,0,0,0,0,small (<30 trades)
volatility_2_to_5,25,recent,hold_30,Energy,19,14,16,63.1578947368421,4.6069081359835025,5.558061259676483,-8.095937697181308,-16.8430798229813,10.526315789473683,11.56515871948841,-7.3215214357392,4.386938173468202,2.373662770354088,57.89473684210527,6.183247642127543,6.8220994946707965,6.808434024578602,-7.692307692307687,30.0,0,0,0,0,small (<30 trades)
volatility_2_to_5,25,recent,hold_30,Financials,69,47,37,44.927536231884055,-1.4418420945819508,-1.03712680914535,-16.006251918629243,-29.454829553776563,24.637681159420293,9.12646059982895,-10.063352187390848,0.5123586489421461,-1.4984568651183403,50.72463768115942,-1.426040243272697,0.01558173549110009,-0.625553806637813,-9.861126063085369,30.0,0,1,0,1,descriptive only
volatility_2_to_5,25,recent,hold_30,Health Care,43,31,25,55.81395348837209,2.2177476047289617,1.631759058998683,-14.108933879569786,-22.753218214035176,23.25581395348837,11.762375929852965,-9.838625016480304,-0.5748356173198133,0.9741859824308885,48.837209302325576,1.3703364150539965,-1.4376606236722562,-2.288478186709714,-7.591189427312783,30.0,0,0,1,1,descriptive only
volatility_2_to_5,25,recent,hold_30,Industrials,70,50,37,48.57142857142857,0.7451188244675319,-0.35796513570050537,-12.955708700153771,-23.182675221639826,15.714285714285714,9.914056439703767,-7.914433367700021,-1.544017267408676,-1.034504039498483,44.285714285714285,0.43072524435630033,-2.772432161031646,-0.827607173339695,-8.10972957774615,30.0,1,2,0,1,descriptive only
volatility_2_to_5,25,recent,hold_30,Information Technology,99,60,45,51.515151515151516,5.232601778880068,0.5625602201047908,-15.782457094152539,-41.76587550010279,22.22222222222222,20.14616076748965,-10.613054646517616,1.1687020801542713,3.8736614832789735,54.54545454545454,7.777488793354048,6.63569274204463,7.87371749949215,-10.656329753936532,30.0,0,2,1,1,descriptive only
volatility_2_to_5,25,recent,hold_30,Materials,21,13,18,47.61904761904761,1.2653444455558323,-1.271145062993695,-10.21998723024894,-25.06126719274465,14.285714285714285,10.762310130540616,-7.368260722612152,-1.6486182715988562,0.1161489202319222,38.095238095238095,-2.1140192717889805,-1.6797382702837371,-2.956893480584266,-7.652464494569755,30.0,0,0,0,0,small (<30 trades)
volatility_2_to_5,25,recent,hold_30,Real Estate,8,7,8,62.5,2.7222591890548102,3.784191479644361,-10.819532470382981,-14.79764538497017,12.5,10.028209218053764,-9.454324192610112,-0.3959819121743142,1.2120131460033474,50.0,3.784191479644361,-0.3959819121743142,7.388827977382628,-7.498293258336542,30.0,0,0,0,0,small (<30 trades)
volatility_2_to_5,25,recent,hold_30,Utilities,4,3,4,75.0,2.4239055494300388,3.360396297280688,-2.3966466587707425,-4.277005825760205,0.0,4.657542674493453,-4.277005825760205,-2.982451028797428,-0.5425681877853028,25.0,3.360396297280688,-2.982451028797428,-4.277005825760205,-10.386032476273659,30.0,0,0,0,0,small (<30 trades)
volatility_2_to_5,25,recent,recovery_30,Communication Services,22,18,14,81.81818181818183,3.2379844169659773,7.285478126721623,-16.66092349441564,-36.441449899037124,13.636363636363635,8.726911512127508,-21.462187511260915,6.57602183697098,3.1232350744102604,81.81818181818183,7.39659803438405,6.57602183697098,7.340507302075339,-3.450992527576169,16.5,0,0,0,0,small (<30 trades)
volatility_2_to_5,25,recent,recovery_30,Consumer Discretionary,44,32,32,70.45454545454545,1.6988729135769647,5.071701448226884,-10.456230595751846,-32.808824633536695,11.363636363636363,6.459362537595626,-9.65306388215984,2.2828425492336324,0.9730235948913052,63.63636363636363,4.677517731491621,1.7928063975425952,4.894167799431304,-5.587143909329428,17.5,0,0,1,1,descriptive only
volatility_2_to_5,25,recent,recovery_30,Consumer Staples,19,15,18,57.89473684210527,0.6944919330899991,4.263162001243503,-12.858544066958356,-16.64974731313309,15.789473684210526,7.309514697793383,-8.401164368377154,4.372038548860591,-0.578649482739088,63.1578947368421,4.724179533599591,4.718971263308425,2.3345267370814993,-4.5143087464731835,30.0,0,0,0,0,small (<30 trades)
volatility_2_to_5,25,recent,recovery_30,Energy,19,14,16,68.42105263157895,2.1950966421403133,5.709281984209924,-8.095937697181308,-16.8430798229813,10.526315789473683,6.909781145086157,-8.020053114242346,8.443877454000726,1.136536425851019,57.89473684210527,5.874996620958905,8.688846423930102,6.261732678181842,-7.692307692307687,23.0,0,0,0,0,small (<30 trades)
volatility_2_to_5,25,recent,recovery_30,Financials,69,47,37,52.17391304347826,-1.4782502225382947,0.19727141999017483,-16.006251918629243,-29.454829553776563,23.18840579710145,6.895991971371985,-10.613787161349508,2.884004992439848,-1.1698963825578785,59.42028985507246,0.13328080198353742,1.6741494830153139,0.19727141999017483,-7.356659326319215,30.0,0,1,1,1,descriptive only
volatility_2_to_5,25,recent,recovery_30,Health Care,43,31,25,65.11627906976744,1.1963302923280643,5.0943566194645795,-14.108933879569786,-22.753218214035176,20.930232558139537,7.837236674627375,-11.200028287963983,3.5611407304151577,1.017778814369541,58.139534883720934,2.592066345763522,0.422449690949267,1.5154054317253918,-6.904461520816607,24.0,0,0,1,1,descriptive only
volatility_2_to_5,25,recent,recovery_30,Industrials,70,50,37,58.57142857142858,0.5718888966288993,3.474993736769305,-12.893881359500408,-23.182675221639826,14.285714285714285,7.028618862507022,-8.556591399957412,2.0544959921166672,-0.5217948840423771,54.285714285714285,0.5561015571967647,-1.0982828968843172,2.1862549758483008,-7.471695205529493,29.5,2,2,1,1,descriptive only
volatility_2_to_5,25,recent,recovery_30,Information Technology,99,60,45,61.61616161616161,1.5203790033671387,5.725932715967597,-15.782457094152539,-41.76587550010279,19.19191919191919,9.56040190735113,-11.385973553028215,4.320836058746713,1.312744030863953,66.66666666666666,7.849424058900389,6.47803842745307,7.849424058900389,-7.9772911597729035,21.0,2,2,1,1,descriptive only
volatility_2_to_5,25,recent,recovery_30,Materials,21,13,18,71.42857142857143,5.1459930326865875,8.585678660491624,-6.379173125552939,-12.576554601825096,9.523809523809524,9.959815752679141,-6.888563767294799,8.254705253487149,4.566352323847369,71.42857142857143,7.169848018144009,8.166693556097727,3.766342928620947,-5.360201511335005,11.0,0,0,0,0,small (<30 trades)
volatility_2_to_5,25,recent,recovery_30,Real Estate,8,7,8,62.5,1.8541258208152223,4.3283768835713605,-10.819532470382981,-14.79764538497017,12.5,8.639195828870424,-9.454324192610112,3.4878455236431294,1.9516327750954687,62.5,4.3283768835713605,3.4878455236431294,5.540311335498549,-5.924352590056542,24.0,0,0,0,0,small (<30 trades)
volatility_2_to_5,25,recent,recovery_30,Utilities,4,3,4,100.0,8.343550452629051,7.895200735249686,6.861966062401173,6.694879191036396,0.0,8.343550452629051,,8.050262647353824,8.15600599530052,100.0,7.895200735249686,8.050262647353824,8.538566041580387,-5.896791804785412,11.5,0,0,0,0,small (<30 trades)
volatility_2_to_5,25,recent,recovery_stop_10,Communication Services,22,18,14,81.81818181818183,4.848853375609722,7.285478126721623,-9.777203844249907,-16.56321550519483,9.090909090909092,8.726911512127508,-12.602408238720312,6.57602183697098,4.54283945526566,81.81818181818183,7.39659803438405,6.57602183697098,7.340507302075339,-3.450992527576169,10.0,0,0,0,0,small (<30 trades)
volatility_2_to_5,25,recent,recovery_stop_10,Consumer Discretionary,44,32,32,68.18181818181817,1.1363565179681812,5.071701448226884,-11.56933413755351,-13.823009412539422,15.909090909090908,6.572672935401531,-10.512892947960426,2.2828425492336324,0.6379330083247438,61.36363636363637,4.677517731491621,1.7928063975425952,4.894167799431304,-5.587143909329428,14.0,0,0,1,1,descriptive only
volatility_2_to_5,25,recent,recovery_stop_10,Consumer Staples,19,15,18,42.10526315789473,-1.9972621722859354,-0.3983988591305443,-11.507969404941496,-12.771005992190322,36.84210526315789,6.748919556643648,-8.35812161150745,0.27364005634301636,-1.361619658290485,52.63157894736842,-3.2388052292564695,-1.8686664758027605,-6.363736994575975,-4.5143087464731835,14.0,0,0,0,0,small (<30 trades)
volatility_2_to_5,25,recent,recovery_stop_10,Energy,19,14,16,68.42105263157895,1.1544295818381816,5.709281984209924,-12.608664797895905,-13.541920532243134,26.31578947368421,6.909781145086157,-11.315498805199097,8.443877454000726,0.7336888691917336,57.89473684210527,5.874996620958905,8.688846423930102,6.261732678181842,-7.692307692307687,12.0,0,0,0,0,small (<30 trades)
volatility_2_to_5,25,recent,recovery_stop_10,Financials,69,47,37,49.275362318840585,-1.5675752672148093,-0.20937785086941885,-13.262756032078345,-18.448160489553455,30.434782608695656,6.835011233166644,-9.730087867585363,2.448615899388884,-1.3958314255307072,56.52173913043478,-1.426040243272697,0.5123586489421461,-0.20937785086941885,-7.356659326319215,14.0,0,1,0,1,descriptive only
volatility_2_to_5,25,recent,recovery_stop_10,Health Care,43,31,25,62.7906976744186,1.4068169776820123,5.0943566194645795,-11.426974823844589,-13.186831578771185,27.906976744186046,8.031502242363073,-9.772339406467278,3.5611407304151577,1.0197723204408617,58.139534883720934,1.660474448396787,0.422449690949267,1.0517250848890325,-6.904461520816607,12.0,0,0,1,1,descriptive only
volatility_2_to_5,25,recent,recovery_stop_10,Industrials,70,50,37,55.714285714285715,-0.17365850415699358,2.379529796157387,-11.57245024458707,-17.12072657290724,21.428571428571427,6.975504057584201,-9.167766243121724,1.0895175176470322,-0.8068138061652029,51.42857142857142,0.018308678698087277,-1.3702821225945794,0.43072524435630033,-7.471695205529493,16.5,1,2,1,1,descriptive only
volatility_2_to_5,25,recent,recovery_stop_10,Information Technology,99,60,45,54.54545454545454,0.21137942407854893,4.655390366438716,-14.192449620707174,-26.16384115838155,31.313131313131315,9.753719066482454,-11.239428146806137,3.128458920555577,0.026476701467765006,57.57575757575758,5.725932715967597,4.735656919071863,6.559206004860552,-7.9772911597729035,9.0,1,2,1,1,descriptive only
volatility_2_to_5,25,recent,recovery_stop_10,Materials,21,13,18,61.904761904761905,2.853216130402377,5.754017375796394,-11.668084319900796,-13.53096216973687,23.809523809523807,10.215701897505785,-9.110823241140661,7.803634040350427,2.6581468540379825,61.904761904761905,4.760180152208671,5.472752225089007,-1.271145062993695,-5.360201511335005,9.0,0,0,0,0,small (<30 trades)
volatility_2_to_5,25,recent,recovery_stop_10,Real Estate,8,7,8,62.5,2.2481251485147817,4.3283768835713605,-9.873934083904038,-11.645650763373695,12.5,8.639195828870424,-8.40365931874462,3.4878455236431294,1.7224254459255528,62.5,4.3283768835713605,3.4878455236431294,5.540311335498549,-5.924352590056542,16.0,0,0,0,0,small (<30 trades)
volatility_2_to_5,25,recent,recovery_stop_10,Utilities,4,3,4,75.0,4.0878541112735425,7.616722616308391,-4.831201198241214,-9.770949936503047,0.0,8.707455460532406,-9.770949936503047,8.021569796626627,3.3186906733241655,75.0,7.616722616308391,8.021569796626627,8.538566041580387,-5.896791804785412,10.0,0,0,0,0,small (<30 trades)
volatility_2_to_5,25,recent,trailing_close_10,Communication Services,22,18,14,54.54545454545454,2.5528195494651795,2.951223373341716,-14.392738263560721,-16.56321550519483,13.636363636363635,12.519922509536245,-9.4077040026201,1.6079448960373,1.219161124753558,54.54545454545454,4.741155551835013,1.37322792107476,6.531087730328311,-6.8115383983505415,24.0,0,0,0,0,small (<30 trades)
volatility_2_to_5,25,recent,trailing_close_10,Consumer Discretionary,44,32,32,47.72727272727273,1.2289837680669606,-2.0502159732901704,-10.032632967255562,-13.581591899946943,11.363636363636363,10.673253800303959,-7.394045391801601,-3.467248713790644,-0.6329761248587176,38.63636363636363,-1.0617061561306873,-2.5957112259449406,-1.8853456752247255,-6.095874775310661,29.0,0,0,0,1,descriptive only
volatility_2_to_5,25,recent,trailing_close_10,Consumer Staples,19,15,18,42.10526315789473,-0.8215238380482378,-2.183175676286897,-11.507969404941496,-12.771005992190322,36.84210526315789,9.700671767826833,-8.474029733230108,-5.230443534029172,-0.4981453645059558,42.10526315789473,-4.27227472260634,-5.298960422198373,-6.363736994575975,-4.5143087464731835,30.0,0,0,0,0,small (<30 trades)
volatility_2_to_5,25,recent,trailing_close_10,Energy,19,14,16,52.63157894736842,3.229812604682184,5.488260563735969,-10.702715897004012,-10.851590299800307,21.052631578947366,12.729081717654575,-7.324930854176028,1.8955770655299862,1.6194454605723858,52.63157894736842,5.523160911706226,5.191657858932475,5.558061259676483,-6.045265038713509,30.0,0,0,0,0,small (<30 trades)
volatility_2_to_5,25,recent,trailing_close_10,Financials,69,47,37,36.231884057971016,-1.5548037753507358,-5.144676476747046,-11.963752799685905,-18.448160489553455,21.73913043478261,10.403704876368149,-8.349410963827374,-4.147657568844854,-1.9943893613836978,40.57971014492754,-2.737724186817192,-2.2776308405858146,-2.6427026356759753,-7.318451539983051,23.0,0,1,0,1,descriptive only
volatility_2_to_5,25,recent,trailing_close_10,Health Care,43,31,25,51.162790697674424,2.5325736014379885,1.3703364150539965,-10.073601078830947,-13.186831578771185,13.953488372093023,12.64086351355436,-8.057063449350592,-1.3589038509820526,1.1989235840755155,46.51162790697674,1.3703364150539965,-1.3589038509820526,-5.337421262852777,-6.904461520816607,30.0,0,0,1,1,descriptive only
volatility_2_to_5,25,recent,trailing_close_10,Industrials,70,50,37,38.57142857142858,-0.9554487303846796,-4.313387221706955,-10.66319554692587,-17.12072657290724,15.714285714285714,9.80561985886944,-7.712398774800056,-5.262997867411678,-2.0943797438933784,34.285714285714285,-5.218196546849418,-5.2698507526312275,-5.218196546849418,-7.354221371935726,24.5,0,2,0,1,descriptive only
volatility_2_to_5,25,recent,trailing_close_10,Information Technology,99,60,45,43.43434343434344,1.4482515671823875,-3.0973733411460813,-13.552111646113813,-26.16384115838155,29.292929292929294,16.11360062875393,-9.81264146223862,-2.5413902548615197,0.5846869122090991,44.44444444444444,1.0079896878889993,1.4631936179430816,1.9739821797254642,-7.9772911597729035,16.0,0,2,0,1,descriptive only
volatility_2_to_5,25,recent,trailing_close_10,Materials,21,13,18,47.61904761904761,1.6941290603505492,-2.8321415749335888,-11.17590307191928,-12.031861179688253,14.285714285714285,12.530386154650303,-8.157013752649227,-1.710858268968618,0.7955357949028542,42.857142857142854,-4.909515174714791,-2.7633007451580456,-5.286783042394017,-5.404565926386096,21.0,0,0,0,0,small (<30 trades)
volatility_2_to_5,25,recent,trailing_close_10,Real Estate,8,7,8,50.0,1.4720212630320333,-1.391652555178474,-8.623422808324527,-11.645650763373695,12.5,10.688054528221546,-7.744012002157481,-0.6204121441913459,-0.2998051235442989,50.0,-1.391652555178474,-0.6204121441913459,3.116442431644173,-7.498293258336542,24.5,0,0,0,0,small (<30 trades)
volatility_2_to_5,25,recent,trailing_close_10,Utilities,4,3,4,25.0,-3.3831020518768735,-3.3934882191620774,-7.915888312898316,-9.770949936503047,0.0,3.0255181673197074,-5.519308791609068,-4.550855943071003,-5.562727093284278,0.0,-3.3934882191620774,-4.550855943071003,-3.587411191153944,-6.817359928096451,12.0,0,0,0,0,small (<30 trades)
